"airtableID","Unique ID","Primary Field","Name","Date not before","Date","Summary","[location]","Event type","Complete","[commentaries]","[people]","[news items]"
"recYfYIQPOcHY3JjY","apdp.event.000001","South African Truth and Reconciliation Commission (South Africa |  |  |  |  |  |)","South African Truth and Reconciliation Commission","1995-01-01","1995-01-01","The Truth and Reconciliation Commission (TRC) was a court-like restorative justice body assembled in South Africa after the end of apartheid in 1995. Witnesses who were identified as victims of gross human rights violations were invited to give statements about their experiences, and some were selected for public hearings. Perpetrators of violence could also give testimony and request amnesty from both civil and criminal prosecution.

https://en.wikipedia.org/wiki/Truth_and_Reconciliation_Commission_(South_Africa)","['recMHSLkrfWVTtGXu']","Political","True","","['rectR28bCv8ff49mc']","['recVmNSVBI3LC1RbW', 'recJt1FfrEH6FEsfn', 'rectaeoaU849P1Oh2']"
"recxjwHh9QSBtrxM9","apdp.event.000002","Trial of Breyten Breytenbach (South Africa |  |  | Johannesburg |  |  |)","Trial of Breyten Breytenbach","1975-01-01","1975-01-01","In 1975, Breyten Breytenbach, the anti-apartheid poet, was sent for trial in the Supreme Court in South Africa on charges carrying the death penalty. Breytenbach, at the time aged 36, was accused under the Terrorism and Anti-Communism Acts of helping to set up an illegal organization to promote armed struggle in South Africa intended to overthrow the white government.","['recyoQaqwseFyDM9Z']","Political","True","","['recIGSwI3zYEGJaaM']","['recyGJHtAyUDKxVv0']"
"recMLyHpViJKWNfLe","apdp.event.000003","Marriage to Mary Garman (England |  |  | London |  |  |)","Marriage to Mary Garman","1924-01-01","1924-01-01","Mary Garman married South African poet Roy Campbell in 1924 in London, England.","['rechox6aq8lnZHEIe']","Personal","True","","['recZCHkAMEtH7xn9G']","['recAXaI2Uc9Ag9TJb']"
"recuwbolt1QZsK3iA","apdp.event.000004","US Athletes boycott Olympics, with support from SANROC (Dennis Brutus) (United States |  |  |  |  |  |)","US Athletes boycott Olympics, with support from SANROC (Dennis Brutus)","1967-09-26","1967-09-26","By September 26, 1967, black American athletes were likely to boycott the 1968 Olympics in Mexico City in response to racist South African policies. ","['recZ61lsBuFpSCKu8']","Political","True","","['recaLBDKPomp4cstB']","['recOoEneTir5X10Yw']"
"rechJkSvhtpIInvII","apdp.event.000005","Degree Doctor of Letters by Diploma conferred to Léopold Sédar Senghor (England |  | Oxfordshire | Oxford |  |  |)","Degree Doctor of Letters by Diploma conferred to Léopold Sédar Senghor","1973-10-26","1973-10-26","On October 26, 1973, the Chancellor of Oxford University, Harold Macmillan, granted a Doctor of Letters by Diploma to Léopold Sédar Senghor, president of Senegal. Senghor was the second head of an African state to receive such a degree. ","['rec0tVWei6coQiZCs']","Professional","True","","['recBdxaNWIHd4zhkg']","['recyZNnYPY0IuZOPD']"
"recjYLzqLSUPcYQiw","apdp.event.000006","Performance of ""The Lion and the Jewel"" by Wole Soyinka on the BBC Third Programme (England |  |  | London |  |  |)","Performance of ""The Lion and the Jewel"" by Wole Soyinka on the BBC Third Programme","1966-01-01","1966-01-01","In May 1966, Wole Soyinka's play ""The Lion and the Jewel"" was featured on the BBC Third Programme. ","['rechox6aq8lnZHEIe']","Professional","True","","['recFI0UKub8dFqzKy']","['recywx7QF3cptCuUb']"
"recL4Dr6Np11Ugj3P","apdp.event.000007","Death of Foreign Minister of Malagasy Republic (Madagascar |  |  | Tananarive |  |  |)","Death of Foreign Minister of Malagasy Republic","1967-09-28","1967-09-28","The Malagasy Republic's ambassador in London,  Jules Razafimbahiny, was called back to help fill the gap caused by the death of the Malagasy Foreign Minister, Dr. Albert Sylla, in an air crash in Madagascar in August 1967. ","['recEQ5xxm0QUQCzsd']","Political","True","","['rec5FVXJsCsQo4ZI6']","['rec1oobEy7AlCGFVX']"
"recVP4SUa9m5hdvmY","apdp.event.000008","Nigerian Civil War (Nigeria |  |  | Enugu |  |  |)","Nigerian Civil War","1967-07-06","1967-07-06","The Nigerian Civil War (also known as the Biafran War and the Nigerian-Biafran War) was a civil war in Nigeria fought between the government of Nigeria and the secessionist state of Biafra from 6 July 1967 to 15 January 1970. Biafra represented nationalist aspirations of the Igbo people, whose leadership felt they could no longer coexist with the Northern-dominated federal government.

https://en.wikipedia.org/wiki/Nigerian_Civil_War","['recRJGE28sYpINJWj']","Political","True","","['recBvLFtelOVzL0YK', 'recmyildMjXhoC72X']","['rec0smUvluYtYb152', 'recY7AqNH4XirwrKz', 'recWzdG5N5pMOyg7S', 'recMOesk4IQIUMxil', 'reclXDmtxYMqHFnWT', 'recWBe48IP6iJTC5M', 'recUxkdJT3rADYJ45']"
"reclYEGQReKBzmULU","apdp.event.000009","Population Registration Act (South Africa |  |  | Cape Town |  |  |)","Population Registration Act","1950-01-01","1950-01-01","The Population Registration Act of 1950 required that each inhabitant of South Africa be classified and registered in accordance with his or her racial characteristics as part of the system of apartheid.

https://en.wikipedia.org/wiki/Population_Registration_Act,_1950","['reccFtDXkKl5m0OSx']","Political","True","","['recXO2WiZ2k8Mqr6o']","['rectWnf9tUnWKxkmg']"
"rec6zZrhCbGia6MyF","apdp.event.000010","Arrest of Ken Saro-Wiwa (Nigeria |  |  | Port Harcourt |  |  |)","Arrest of Ken Saro-Wiwa","1993-06-21","1993-06-21","On Monday, June 21, 1993 in Port Harcourt, poet Ken Saro-Wiwa was arrested and detained by Nigerian authorities but was released after a month. ","['recyw9KO0SJWxnOIL']","Political","True","","['recBvLFtelOVzL0YK', 'recOo2kpeQuQEciaC']","['recWyEC5Jwfxy2QJS']"
"recp0P3jtvs9mzL3C","apdp.event.000011","First International Congress of Negro Writers and Artists (France |  |  | Paris |  |  |)","First International Congress of Negro Writers and Artists","1956-01-01","1956-01-01","The First International Congress of Black Writers and Artists, held from September 19-22, 1956 at the Sorbonne in Paris, was one of the most significant gatherings of black intellectuals during the twentieth century.

https://arcade.stanford.edu/content/women-and-1956-congress-black-writers-and-artists-paris","['rec5uZ6yp93lYlibj']","Professional","True","","","['rec92X0Dm6wpTtj0r']"
"rec2dPNBleGME96s8","apdp.event.000012","The South Bank Show ()","The South Bank Show","",""," - ","","Professional","True","","","['recdRXXiPQsFEkZIx', 'recSHQxuInrtypIZH', 'recCgC65AGFkj4zqo']"
"recKHN0LeDpEBA8A5","apdp.event.000013","International PEN Conference (England |  | Cambridgeshire | Cambridge |  |  |)","International PEN Conference","1988-01-01","1988-01-01","At the four day International PEN Conference at Cambridge in England in 1988, the interdependence of academia and creative writing were discussed as the major theme. The conference drew about 150 members, including Geoffrey Haresnape, a South African poet and professor at the University of Cape Town. ","['recRLZkA0sd1SZeH4']","Professional","True","","['recX8RB530gqZ4KJi']","['reciFhvulEX6Fto9y']"
"recOn98YeUl83WmUJ","apdp.event.000014","Attempted Murder of Dennis Brutus (South Africa |  |  |  |  |  |)","Attempted Murder of Dennis Brutus","1963-01-01","1963-01-01","In 1963 in South Africa, the South African police were suggested to have fired two shots at poet and weightlifting champion in a suggested attempted murder for his work protesting the racial discrimination in South African sport. ","['recKow3Gb4ICpWOsk']","Political","True","","['recaLBDKPomp4cstB']","['recIt1VzCPAt7GfH8']"
"recmGz2Rfg5q4M3yk","apdp.event.000015","Conference of African Linguists (Germany |  |  | Cologne |  |  |)","Conference of African Linguists","1982-10-01","1982-10-01","On October 1, 1982, the Conference of African Linguists commenced in Cologne, Germany.","['recsCtv0fdygTkjhn']","Professional","True","","['recHO9AeFrAOe1QdE']","['recxPD7NKRawGu4So']"
"recfETgD6M9JSyYDK","apdp.event.000016","Booker McConnell Prize for fiction Award ()","Booker McConnell Prize for fiction Award","1983-01-01","1983-01-01","In 1983 in Cape Town, South Africa, the Booker McConnell prize for fiction was awarded to J. M. Coetzee for ""Life and Times of Michael K,"" published by Secker and Warburg.","","Professional","True","","['rec9K8rwRHOdeLU5I']","['recFXZLpvzOAKJgtK', 'recVkfuzhEZdmMWca', 'recsWjpkmNVnEVaM3', 'recCkF6o4q0bpMqnV', 'recoKDS1rjnEP0MFh', 'rectGwJjD0d9ThSmm', 'recpiTTy4VUEhA1LQ']"
"recmftk3yyCrDVs0Y","apdp.event.000017","""Drum,"" African Magazine Begins (South Africa |  |  | Johannesburg |  |  |)","""Drum,"" African Magazine Begins","1951-01-01","1951-01-01","""Drum,"" initially titled ""African Drum,"" was created by author Bob Crisp in 1951. ""Drum"" was a South African family magazine that targeted black readers and covered news and entertainment. ""Drum"" is most noted for its reporting in the 1950s and 60s on life in townships under apartheid. By 1965, ""Drum"" had faded in popularity, but was revived in 1968, and remains as the sixth largest magazine in South Africa.

https://en.wikipedia.org/wiki/Drum_(South_African_magazine)""","['recFjYFloIc1MhnAb']","Social","True","","['recqO0dQd4f6mHqqS', 'recS6VRZbkRMZ4Apa', 'rec5FVXJsCsQo4ZI6']","['recEQSAB9oipLbsYL', 'recFXZLpvzOAKJgtK', 'recsWjpkmNVnEVaM3', 'recVkfuzhEZdmMWca', 'recCkF6o4q0bpMqnV']"
"recBuFLFtsuyV5C1H","apdp.event.000018","Sharpeville Massacre (South Africa |  | Sharpeville | Vereeniging |  |  |)","Sharpeville Massacre","1960-03-21","1960-03-21","The Sharpeville massacre occurred on March 21, 1960, at the police station in the South African township of Sharpeville in Transvaal. After a day of demonstrations against ""pass laws,"" a crowd of about 7,000 protesters went to the police station. The South African Police opened fire on the crowd, killing 69 people and injuring 180 others

https://en.wikipedia.org/wiki/Sharpeville_massacre","['recEoj9NsyaQ2niD1']","Political","True","","['recqO0dQd4f6mHqqS']","['recEQSAB9oipLbsYL', 'recz6UVD3xKprrEgP', 'recFXZLpvzOAKJgtK', 'recsWjpkmNVnEVaM3', 'recCkF6o4q0bpMqnV', 'recVkfuzhEZdmMWca']"
"recCwfskxExpGfNIC","apdp.event.000019","Defiance Campaign  against Unjust Laws (South Africa |  |  | Bloemfontein |  |  |)","Defiance Campaign  against Unjust Laws","1952-12-01","1952-12-01","The Defiance Campaign against Unjust Laws was presented by the African National Congress (ANC) at a conference held in Bloemfontein, South Africa in December 1951. The Defiance Campaign was launched on the anniversary of the National Day of Protest, 26 June 1952. In major South African cities, people and organizations performed acts of defiance and civil disobedience.

https://en.wikipedia.org/wiki/Defiance_Campaign","['reciB5ckJpIbEygky']","Political","True","","['recqO0dQd4f6mHqqS']","['recEQSAB9oipLbsYL']"
"rec2t6Mnjxq2594U7","apdp.event.000020","Building of the memorial, Mashu Campbell Bantu Museum (South Africa |  |  | KwaZulu-Natal |  |  |)","Building of the memorial, Mashu Campbell Bantu Museum","1957-01-01","1957-01-01","In 1957, Sir Shane Leslie returned an ivory bracelet once worn by Shaka, the Zulu king, to the Zulu nation in Natal to be placed in a national museum in honor of Sir Marshall Campbell. Roy Campbell, the South African poet, is a member of the same family.","['reckyxi4BnnhhZ5nF']","Professional","True","","['recZCHkAMEtH7xn9G']","['recXLHlBE04PNcZdG']"
"rectH7XyEp98KKsJq","apdp.event.000021","Retirement of Léopold Sédar Senghor (Senegal |  |  | Dakar |  |  |)","Retirement of Léopold Sédar Senghor","1980-12-31","1980-12-31","President Leopold Sedar Senghor, 74, of Senegal stepped down on December 31, 1980, after 20 years in office. He was replaced by Mr. Abdou Diouf, who had been his Prime Minister for the past 10 years.","['recIfdbBEWSnOjoeU']","Political","True","","['recBdxaNWIHd4zhkg']","['recjXfAOKjwCxSzFD']"
"recQXG7bqCCIHX5A5","apdp.event.000022","Election of Léopold Sédar Senghor, September 1960 (Senegal |  |  | Dakar |  |  |)","Election of Léopold Sédar Senghor, September 1960","1960-09-05","1960-09-05","Leopold Senghor, poet and statesman, was today elected unanimously as first President of the Senegalese Republic on September 5, 1960. ","['recIfdbBEWSnOjoeU']","Political","True","","['recBdxaNWIHd4zhkg']","['recuTSupqcEJvejLN', 'reciFi4NqPhllcgJz', 'recG5hXNTuoyfWKV5']"
"recOhxcRu4BXtE4ST","apdp.event.000023","University of Western Cape closed, student demonstrations (South Africa |  |  | Cape Town |  |  |)","University of Western Cape closed, student demonstrations","1973-06-11","1973-06-11","On June 21, 1973, Adam Small, one of South Africa's leading intellectuals, resigned his teaching post at the  University of the Western Cape in Cape Town, South Africa. The University had been closed since June 11 following student demonstrations against alleged restrictive rules and white domination in running the institution.","['reccFtDXkKl5m0OSx']","Political","True","","['recXO2WiZ2k8Mqr6o']","['recTElo9RiRQNW0sA', 'rec0eF62DQBqHza2d']"
"recr1V8IDacsz5NCz","apdp.event.000024","South Africa expelled from Olympics Games (Netherlands |  |  | Amsterdam |  |  |)","South Africa expelled from Olympics Games","1970-05-15","1970-05-15","South Africa were expelled from the Olympic movement on May 15 1970 of the International Olympic Committee congress on grounds of discriminatory processes in athletics. The voting was 35 for withdrawing recognition to 28 against, with three abstentions. The president of SANROC, Dennis Brutus welcomed the decision. ","['recXEjRlVx4qoNoGW']","Political","True","","['recaLBDKPomp4cstB']","['rectARFHNVcj6yBds']"
"reclHvpwkyG9VJGHv","apdp.event.000025","Commonwealth Arts Festival 1965 (England |  |  | London |  |  |)","Commonwealth Arts Festival 1965","1965-09-16","1965-10-02","Over three weeks in 1965, the UK hosted visual artists, musicians, dancers, poets, and writers in a festival to ""celebrate"" their national cultures. The nations invited to attend were those considered part of the greater British Commonwealth of colonial nations. Wole Soyinka's play ""The Road"" was considered a highlight of the festival.","['recjcB616elkT059D']","Professional","True","","['recFI0UKub8dFqzKy']","['rec3B1KIXA2GTOXtI', 'recGP3WMsqYQCZoOg', 'recpcqTMCkhccFfAj', 'rec4JW6zhm0gw3Wbf', 'recnpp2qk0Tcq9ndD']"
"rec4WuERtWfsBvdLY","apdp.event.000026","10 Year Commemoration of Roy Campbell (Portugal |  |  | Lisbon |  |  |)","10 Year Commemoration of Roy Campbell","1967-04-24","1967-04-24","Monday, April 24, 1967 marked the ten year anniversary of the passing of poet Roy Campbell. Campbell passed away in a motor accident in Lisbon. At a ten year commemoration, Mr. Francois Viljoen, the South African Ambassador in Lisbon, laid a wreath on the grave of Roy Campbell.

https://en.wikipedia.org/wiki/Roy_Campbell_(poet)#Death""","['recFOjeIn94lEhDBu']","Personal","True","","['recZCHkAMEtH7xn9G']","['rec05scnu2eGm4JVU']"
"recIXd84H4cBSQLxs","apdp.event.000027","Malagasy Army destroys dojo (Madagascar |  |  |  |  |  |)","Malagasy Army destroys dojo","1985-01-01","1985-01-01","In 1985 in Madagascar, there was a rumor that an armored division of the Malagasy Army had been called in to destroy the dojo of an intransigent karate sect which had been terrorizing peaceable tourists.","['rec1Xb37tFBGBM2BP']","Political","True","","['recS6VRZbkRMZ4Apa']","['recZnXd6TWill5IO2']"
"reccSL2bfWnw8wavY","apdp.event.000028","Rabearivelo's suicide (Madagascar |  |  |  |  |  |)","Rabearivelo's suicide","1937-01-01","1937-01-01","In 1937, Jean-Joseph Rabearivelo, Malagasy and French poet, completed suicide. ","['recEUWQoueQ9GVuqB']","Personal","True","","['recS6VRZbkRMZ4Apa']","['recxQYDsviW5JaZ5r']"
"rec6xvzNPBM78yHD6","apdp.event.000029","Whitbread Book Awards Announcement (England |  |  |  |  |  |)","Whitbread Book Awards Announcement","1999-01-01","1999-01-01","On the radio in England in 1999, Richard Coles talks to leading South African poet and journalist Antjie Krog; plus the announcement of the Whitbread Book Awards.","['recTAlcF5bAeJO9oo']","Professional","True","","['rectR28bCv8ff49mc']","['recDqkydjOp1hdCDi']"
"recETcngUZCEJMt1r","apdp.event.000030","Poetry International (England |  |  | London |  | Queen Elizabeth Hall |)","Poetry International","1973-06-25","1973-06-25","The sixth Poetry International occurred from June 25 to June 30 1973. It was divided between the Queen Elizabeth Hall and the Institute of Contemporary Arts. Poetry International at the time had presented more than 50 poets from 19 countries, and in 1973 year it had its first South African, Oswald Mtshali. ","['recTY1ORZv4IBnceP']","Professional","True","","['reczK3i9PQzDoN6ks']","['recRFv4Yl01sTGa0q']"
"reccB5ZdFyzAGqdSg","apdp.event.000031","60th Birthday of William Plomer, President of the Poetry Society (England |  |  | London |  |  |)","60th Birthday of William Plomer, President of the Poetry Society","1969-02-04","1969-02-04","On February 4, 1969, at a Poetry Gala in London, an evening of poetry recitals occurred in celebration of William Plomer's 60th birthday. He served as the President of the Poetry Society.","['rechox6aq8lnZHEIe']","Social","True","","['rechXmQTzrc8eiWTu']","['rec8EjwNca5FNp5w9']"
"recB0epE69obeD48c","apdp.event.000032","Release of Breyten Breytenbach (South Africa |  |  | Johannesburg |  |  |)","Release of Breyten Breytenbach","1982-01-01","1982-01-01","In 1982, Breyten Breytenbach, South African Afrikaans poet, was released from prison after serving seven of the nine years to which he was sentenced in 1975 for promoting the aims of the banned African National Congress (ANC). ","['recyoQaqwseFyDM9Z']","Political","True","","['recIGSwI3zYEGJaaM']","['rechJWmxblw2Xu5g0', 'recWwrHBIAU6R2Ynn']"
"recYezaXvQEJZhKid","apdp.event.000033","Secession of Biafra (Nigeria |  |  | Nsukka |  |  |)","Secession of Biafra","1967-05-01","1967-05-01","Biafra, officially the Republic of Biafra, was a state in West Africa that existed from May 1967 to January 1970. It was made up of the states in the Eastern Region of Nigeria. Biafra's declaration of independence from Nigeria resulted in civil war between Biafra and Nigeria.

https://en.wikipedia.org/wiki/Biafra","['recIAhp8R3p81y30Y']","Political","True","","['recFI0UKub8dFqzKy']","['recSymlviVmKkNdVN', 'rec6fEYTp4ZZO3AWN', 'recIXIq5wTRq6UDbL', 'recJjdUkJv2Li0kMB']"
"recIf7HNDgfnOsQdJ","apdp.event.000034","Voluntary Exile of Wole Soyinka (England |  |  | Leeds |  |  |)","Voluntary Exile of Wole Soyinka","1971-04-01","1971-04-01","In April 1971, concerned about the political situation in Nigeria, Soyinka resigned from his duties at the University in Ibadan, and began years of voluntary exile. ","['recQHnDSdVFiCn8eH']","Political","True","","['recFI0UKub8dFqzKy']","['recmwSMRFAEGrWSEM']"
"rec6PRoQdtwGX8LCX","apdp.event.000035","Léopold Sédar Senghor conferred honorary degree at Harvard University (United States | Massachusetts |  | Cambridge |  |  |)","Léopold Sédar Senghor conferred honorary degree at Harvard University","1971-06-19","1971-06-19","On June 19, 1971, two writers involved in politics received honorary degrees at Harvard University: Alan Paton, novelist and leader of the South African Liberal Party, and Leopold Sedar Senghor, poet and President of Senegal.","['recIIGQDn0exwelAr']","Professional","True","","['recBdxaNWIHd4zhkg']","['rec0uJlQbsxknzLYn']"
"rectRWfCPk7CT3az3","apdp.event.000036","Royal Colonial Institute, Meeting (England |  |  | London |  |  |)","Royal Colonial Institute, Meeting","1918-01-23","1918-01-23","On January 23, 1918, a meeting of the Royal Colonial Institute occurred wherein Sir Herbert Warren read a paper on overseas poetry, including that of Cullen Gouldsbury and Rev. Arthur Shearley Cripps. ","['rechox6aq8lnZHEIe']","Social","True","","['recwMQtGCJJjvPZEA', 'recHqhKMTrYFElsxy']","['rec8aeCfbBOLP7ZTV']"
"recivmNz3D5yOI70B","apdp.event.000037","Kofi Awoonor's imprisonment  ()","Kofi Awoonor's imprisonment ","1975-12-31","1975-12-31"," He was imprisoned for harboring a subversive on December 31, 1975, amid rumors of a possible coup.","","Political","True","","","['recxCd4FPWaFgsrAV']"
"recwRuCnjadth4cZU","apdp.event.000038","Death of Charles Eglington (South Africa |  |  | Johannesburg |  |  |)","Death of Charles Eglington","1972-01-01","1972-01-01","Charles Eglington, the South African writer and poet was found hanged at his home in Johannesburg in 1972. He was 52. ","['recyoQaqwseFyDM9Z']","Personal","True","","['recVITrnlYju5VVOR']","['recmmmFby0ZmKNHkD']"
"recg53WPxBoNtcEyI","apdp.event.000039","Imprisonment of Wole Soyinka (Nigeria |  |  | Enugu |  |  |)","Imprisonment of Wole Soyinka","1967-01-01","1967-01-01","Following the military coup of January 1966, playwright and poet Wole Soyinka secretly and unofficially met with the military governor of Biafra in August 1967. As a result, he was imprisoned for 22 months as the civil war ensued between the Federal Government of Nigeria and the Biafrans. In October 1969, when the civil war came to an end, amnesty was proclaimed, and Soyinka and other political prisoners were freed.","['recU0uLTapE3IPvV3']","Political","True","","['recFI0UKub8dFqzKy']","['recFjioXds4eBb3DB', 'recOGtOmNyZOR1F2p']"
"recd9jC1M9sSqtOHk","apdp.event.000040","Protests in Nigeria, 2010 (Nigeria |  |  |  |  |  |)","Protests in Nigeria, 2010","2010-01-13","2010-01-13","On January 13, 2010, Wole Soyinka joined a group of protesters in Nigeria in Abuja. ","['recTtNT42G8w7bv1Y']","Political","True","","['recFI0UKub8dFqzKy']","['recj9rYnMPVinTs2s']"
"recRQpgVOAv0Gk6KU","apdp.event.000041","Withdrawal of US Ambassador in Tananarive (Madagascar |  |  | Tananarive |  |  |)","Withdrawal of US Ambassador in Tananarive","1971-06-28","1971-06-28","On June 28, 1971, The State Department of the United States announced that it was withdrawing its ambassador in Tananarive as a protest at accusations that the embassy had interfered in Malagasy internal affairs. Jacques Rabemananjara, the Malagasy Foreign Minister, said that his country still wanted good relations with the United States.","['reccXe9WMVqJGwYL6']","Political","True","","['rec5FVXJsCsQo4ZI6']","['recQcsEFURDjnSyox']"
"recz4yvFcq0VMnnQT","apdp.event.000042","Wole Soyinka's passport impounded (Nigeria |  |  | Lagos |  |  |)","Wole Soyinka's passport impounded","1971-03-21","1971-03-21","The passport of Mr. Wole Soyinka, the Nigerian playwright, was impounded by security officials at Ikeja airport on March 21, 1971.  ","['rec80yx5S3kwZ3MgL']","Political","True","","['recFI0UKub8dFqzKy']","['recaioIZVSNKKbnO7']"
"recha1dEBIVCV3Yn4","apdp.event.000043","Release of Wole Soyinka (Nigeria |  |  | Lagos |  |  |)","Release of Wole Soyinka","1969-10-09","1969-10-09","On October 9, 1969, Wole Soyinka, the Nigerian playwright, was released from prison following his arrest and imprisonment for meeting with the military governor from the seceded Biafra in 1966. ","['rec80yx5S3kwZ3MgL']","Political","True","","['recFI0UKub8dFqzKy']","['recb4IqOepnZLpPx2']"
"rec6EUGd5CWwAC6WP","apdp.event.000044","Arrest of Wole Soyinka in August 1967 (Nigeria |  |  | Ibadan |  |  |)","Arrest of Wole Soyinka in August 1967","1967-08-29","1967-08-29","In August of 1967, poet and playwright Wole Soyinka was imprisoned in Nigeria for signing a letter to a Nigerian newspaper proposing a truce to the conflict with the seceded territory of Biafra. ","['recGm2Eb6cRoyhaB3']","Political","True","","['recFI0UKub8dFqzKy']","['recYaPssl4ZMHzQVo', 'recgjdI9yhNYJ0U8z', 'recq81AIWpTgPFDkw', 'recyHqeh0mzgSFLip', 'recAjk6I8N3kY7mvF', 'recJCIUErhKZlCT6g', 'receIXs0awMA1CJQR']"
"recI26loAFxyIK5z0","apdp.event.000045","Release of Wole Soyinka in October 1967 (Nigeria |  |  | Lagos |  |  |)","Release of Wole Soyinka in October 1967","1967-10-27","1967-10-27","In October of 1967, poet and playwright Wole Soyinka was released from his detainment for his involvement in promoting peace between the territory of Biafra and Nigeria. ","['rec80yx5S3kwZ3MgL']","Political","True","","['recFI0UKub8dFqzKy']","['recYaPssl4ZMHzQVo']"
"recm04SuAl9ct8vSt","apdp.event.000046","Ken Saro-Wiwa's execution (Nigeria |  |  | Port Harcourt |  |  |)","Ken Saro-Wiwa's execution","1995-11-10","1995-11-10","On 21 May 1994, four Ogoni chiefs were murdered. Saro-Wiwa was arrested and accused of incitement to them. He denied the charges but was imprisoned for over a year before being found guilty and sentenced to death by a specially convened tribunal. On 10 November 1995, Saro-Wiwa and the rest of the Ogoni Nine were taken to a prison in Port Harcourt and executed by hanging.

https://en.wikipedia.org/wiki/Ken_Saro-Wiwa","['recyw9KO0SJWxnOIL']","Political","True","","['recFI0UKub8dFqzKy']","['rec4F6R8XyKi1IPLO']"
"recITHDo2YrVIs39Z","apdp.event.000047","The ""Big Sleep"": Nigerian Economic Recession (Nigeria |  |  |  |  |  |)","The ""Big Sleep"": Nigerian Economic Recession","1980-01-01","1980-01-01","The ""Big Sleep"" of literary works/publishing occurred during the Nigerian recession of the 1980s. Book sales fell, and foreign publishers reduced their investment in literature, and publishing ground to a halt.","['recXITrh18deFhaPB']","Political","True","","","['rec4F6R8XyKi1IPLO']"
"recIXGYIXDTJJA0tZ","apdp.event.000048","Mbari Club in Ibadan (Nigeria |  |  | Ibadan |  |  |)","Mbari Club in Ibadan","1960-01-01","1960-01-01","A club of intellectuals and artists in Nigeria; part of the ""Ibadan Renaissance."" ","['recesdnoCDNCstSIs']","Professional","True","","","['rec4F6R8XyKi1IPLO']"
"recDU9QE7t0dzQEU5","apdp.event.000049","Performance of ""The Road"" by Wole Soyinka (England |  |  | London |  |  |)","Performance of ""The Road"" by Wole Soyinka","1965-09-13","1965-09-13","On September 13, 1965, the Negro Theatre Workshop presented a special charity preview of ""The Road"" by Wole Soyinka at Theatre Royal, Stratford East. ","['rechox6aq8lnZHEIe']","Professional","True","","['recFI0UKub8dFqzKy']","['recFe8lcjSMVDTygv', 'recQGzFGGvi0szAm7', 'recYXEfLMPnRDXRVU', 'recaYCmxeuNsDYCRi']"
"recZ1w6uU9M9CvCPl","apdp.event.000050","Acquittal of Wole Soyinka (Nigeria |  |  | Lagos |  |  |)","Acquittal of Wole Soyinka","1965-12-21","1965-12-21","In Lagos, Nigeria, on December 21 1965, Wole Soyinka, who had been standing trial on a charge of robbery, was acquitted by Mr. Justice Kayode Eso, who suggested there was a material conflict in the evidence of the prosecution witnesses. Soyinka had claimed he was not in Ibadan at the time of the crime. ","['rec80yx5S3kwZ3MgL']","Political","True","","['recFI0UKub8dFqzKy']","['recHGZOXIDcuhOM73']"
"recdUGu4e76koJmUd","apdp.event.000051","Death of Okot p'Bitek  (Uganda |  |  | Kampala |  |  |)","Death of Okot p'Bitek ","1982-07-19","1982-07-19","Okot p'Bitek, a Ugandan poet, died on July 19, 1982 in Kampala, Uganda.","['recU2IeaAr2fYMPns']","Personal","True","","['recHO9AeFrAOe1QdE', 'rechCmMdNpei8Hc3B', 'recURRbIgveOeoPqf']","['recz2LOTXocIBpSzK']"
"recewRvac0GsLWCDx","apdp.event.000052","Death of F. C. Slater (South Africa |  |  | Cape Town |  |  |)","Death of F. C. Slater","1958-01-01","1958-01-01","Francis Carey Slater, the South African poet, died in 1958 at the age of 84 in Cape Town, South Africa. ","['reccFtDXkKl5m0OSx']","Personal","True","","['recA1aXEUqGwSRQhI']","['recy4uGDhyvOp4GmY']"
"recb4S5dmTk22UkrB","apdp.event.000053","Arrests under the Terrorism Act (South Africa |  |  | Cape Town |  |  |)","Arrests under the Terrorism Act","1975-09-16","1975-09-16","In Cape Town, South Africa, on September  16, 1975, four whites and an African were detained under the Terrorism Act by South African security police. These arrests were connected with the detention of Breyten Breytenbach, an Afrikaner poet, weeks prior.","['reccFtDXkKl5m0OSx']","Political","True","","['recIGSwI3zYEGJaaM']","['recGRgMB4kfY5pRJr']"
"recwFbn6o0orH03Vs","apdp.event.000054","Léopold Sédar Senghor visits the Queen of England (England |  |  | London |  |  |)","Léopold Sédar Senghor visits the Queen of England","1961-10-28","1961-10-28","President Senghor of Senegal visited London to speak with the Queen of England in October of 1961.  ","['rechox6aq8lnZHEIe']","Political","True","","['recBdxaNWIHd4zhkg']","['recfo0wymXiQVuo6F']"
"recR0OYlGTFc1HxWj","apdp.event.000055","Performance of ""The Lion and the Jewel"" by Wole Soyinka. (England |  |  | London |  |  |)","Performance of ""The Lion and the Jewel"" by Wole Soyinka.","1966-12-12","1966-12-12","On December 12, 1966, Wole Soyinka's play ""The Lion and the Jewel"" was performed at the Royal Court Theatre in London. The play's opening was delayed due to illness, with its original opening date December 8. ","['rechox6aq8lnZHEIe']","Professional","True","","['recFI0UKub8dFqzKy']","['recuhOgiylOWO9JT4', 'recGjVj0WUovDEM7y', 'recYXEfLMPnRDXRVU', 'recQGzFGGvi0szAm7', 'recaYCmxeuNsDYCRi']"
"recKQe4qqeAQuqS6m","apdp.event.000056","Wole Soyinka appointed professor of comparative literature at the University of Ife (Nigeria |  |  | Lagos |  |  |)","Wole Soyinka appointed professor of comparative literature at the University of Ife","1976-01-01","1976-01-01","In 1976 after a period of exile in Ghana, Wole Soyinka, the Nigerian playwright and poet, returned to Nigeria and was appointed professor of comparative literature at the University of Ife.","['rec80yx5S3kwZ3MgL']","Professional","True","","['recFI0UKub8dFqzKy']","['recQDaIuzcvt3qF4E']"
"recmPtPD4VWtWRuZ0","apdp.event.000057","Zimbabwe International Book Fair (Zimbabwe |  |  | Harare |  |  |)","Zimbabwe International Book Fair","2000-01-01","2000-01-01","Known as Africa's largest book event, the annual International Book Fair had a significant falling off rate in the year 2000 due to unrest and economic crisis in Zimbabwe.","['recEWO2rZe0WHVrCz']","Professional","True","","","['recg3D0O146RBRfpl']"
"reczw6PdGvnIKUHcX","apdp.event.000058","Zimbabwe Economic Crisis (Zimbabwe |  |  | Harare |  |  |)","Zimbabwe Economic Crisis","2000-01-01","2000-01-01","Zimbabwe began experiencing a period of considerable political and economic upheaval in 1999. Opposition to President Mugabe and the ZANU-PF government grew considerably after the mid-1990s in part due to worsening economic and human rights conditions.","['recEWO2rZe0WHVrCz']","Political","True","","","['recg3D0O146RBRfpl']"
"recOyhdK9lMhtJrgw","apdp.event.000059","World Festival of Negro Arts, 1974 (Nigeria |  |  | Lagos |  |  |)","World Festival of Negro Arts, 1974","1974-01-01","1974-01-01","In 1974, Nigeria hosted the second World Festival of Negro Arts.","['rec80yx5S3kwZ3MgL']","Professional","True","","['recBdxaNWIHd4zhkg']","['rece7x6nOnDMC8bNd']"
"rec3kSpznFkbYXb6s","apdp.event.000060","Race discrimination on Panorama, BBC programme (England |  |  | London |  |  |)","Race discrimination on Panorama, BBC programme","1970-04-30","1970-04-30","The Prime Minister and six other men were named in a complaint laid at Bow Street police station on April 30, 1970, under the 1965 Race Relations Act. Mr. Peter Tombs, of Evans Road, Eynsham. Oxfordshire, a writer, said statements inciting unlawful race discrimination had been made on the B.B.C.'s Panorama programme by Mr. Wilson, Mr. John Arlott, Mr. Peter Hain, Mr. Jeffrey Crawford, the Bishop of Woolwich, the Right Rev. David Sheppard, Mr. Dennis Brutus and Mr John Darragh. [From Excerpt of text]","['rechox6aq8lnZHEIe']","Political","True","","['recaLBDKPomp4cstB']","['recr5hN2JLrrMW6UK']"
"rec6HPmeUM3w9S7B4","apdp.event.000061","Arrest of Breyten Breytenbach (South Africa |  |  | Johannesburg |  |  |)","Arrest of Breyten Breytenbach","1975-01-01","1975-01-01","In 1975 in Johannesburg, South Africa, Breyten Breytenbach, the jailed Afrikaans poet, had offered to infiltrate the South African Communist Party in exchange for his early release from prison. At that time, Breytenbach was already serving a nine-year prison sentence.","['recyoQaqwseFyDM9Z']","Political","True","","['recIGSwI3zYEGJaaM']","['recxnZtGE0jqALl1D', 'recJdioe7L3mYtRBz']"
"recNu20gGVvzRMsod","apdp.event.000062","Imprisonment of Breyten Breytenbach (South Africa |  |  | Johannesburg |  |  |)","Imprisonment of Breyten Breytenbach","1975-01-01","1975-01-01","On an illegal trip to South Africa in 1975, Afrikaans poet Breyten Breytenbach was arrested and sentenced to nine years' imprisonment for high treason. Released in 1982 as a result of international protests, he returned to Paris and obtained French citizenship.

https://en.wikipedia.org/wiki/Breyten_Breytenbach","['recyoQaqwseFyDM9Z']","Political","True","","['recIGSwI3zYEGJaaM']","['recXbTs2DkEc7qm05', 'recJZ7rCqHJpUcvOU', 'recJ1AqcESH5OYong']"
"recUZBikChUm00XZ8","apdp.event.000063","In Conversation: Lunchtime Literary Event with Ama Ata Aidoo (England |  |  | London |  | Institute for Contemporary Arts |)","In Conversation: Lunchtime Literary Event with Ama Ata Aidoo","1991-04-10","1991-04-10","Ghanaian writer Ama Ata Aidoo joins Margaret Busby in a discussion about her latest novel, Changes: A love story at the ICA on April 10th, 1991. ","['recCzDgrRwMRI8ibg']","Professional","True","","","['recGaUiUXcesp8sBm']"
"rechr0DoGMiNtQnqG","apdp.event.000064","Nigerian Election 2011 (Nigeria |  |  | Lagos |  |  |)","Nigerian Election 2011","2011-01-01","2011-01-01","Parliamentary elections were held in Nigeria on 9 April 2011. The incumbent People's Democratic Party was running against the Action Congress of Nigeria and the Congress for Progressive Change.

https://en.wikipedia.org/wiki/2011_Nigerian_parliamentary_election","['rec80yx5S3kwZ3MgL']","Political","True","","['recFI0UKub8dFqzKy']","['recLIRgb0bC56iCwL']"
"recKJKtQVOWIQOurV","apdp.event.000065","Performance of ""The Trials of Brother Jero"" at the Hampstead Theatre Club (England |  |  | London |  |  |)","Performance of ""The Trials of Brother Jero"" at the Hampstead Theatre Club","1966-06-29","1966-06-29","On June 29, 1966, Wole Soyinka's play ""The Trials of Brother Jero"" was performed at the Hampstead Theatre Club in London by an African company from the Transcription Centre Theatre Workshop.","['rechox6aq8lnZHEIe']","Professional","True","","['recFI0UKub8dFqzKy']","['rec3egwoA7fCsUZKn']"
"recTAxX8SvybpkE1I","apdp.event.000066","Ghana cabinet reshuffle (Ghana |  |  | Accra |  |  |)","Ghana cabinet reshuffle","1983-01-01","1983-01-01","In 1983, two cabinet ministers were dismissed: both Johnny Hansen, Labour and Welfare, and Ama Ata Aidoo, Education. They were replaced by Ato Austin and U. C. Dadson.","['recuKEdPzd1pJCj4L']","Political","True","","","['recVRKmAx9sJm4qjA']"
"recsckjmK0pv5Q51Y","apdp.event.000067","Conference of the English Academy of Southern Africa at Rhodes University (South Africa |  |  | Grahamstown |  |  |)","Conference of the English Academy of Southern Africa at Rhodes University","1969-01-01","1969-01-01","The Conference of The English Academy of Southern Africa was held at Rhodes University in Grahamstown in July 1969 and its theme was South African writing in English. ","['recBMMKm06J8qOunM']","Professional","True","","['recjKvU9JG4GftnEK', 'reczK3i9PQzDoN6ks', 'recA1aXEUqGwSRQhI', 'recVITrnlYju5VVOR', 'recN2CQ0lURxrndsj', 'recN80tQNHxdhyGvr', 'recOcLoIZSFwMOqfm', 'recO7fQ9N6fKpWsLF', 'recU0GqypnmAL84T5', 'recXocQrPdKiutDsX', 'rec4lc52d1rr49UHG', 'rec4PSLJqOJn0gY2R', 'rec5BGwLzTuFn1Wef', 'rec7C07UyBGMs8tw8', 'rec9NVjOrXGIXxw9F', 'rec9R8HNlWmIM3Kc1', 'recrAaXXhIPMbulnW', 'reczY4HgBRDaqL1fV', 'recADnJms1RS8ueJD', 'recEadpRGDKvzNbBc']","['recjKYnmAaGlURITq']"
"recoJVnyQnwbDOlO9","apdp.event.000068","Conference on the medieval Manding Empire of Mali (England |  |  | London |  |  |)","Conference on the medieval Manding Empire of Mali","1972-06-29","1972-06-29","The Conference on the Medieval Manding Empire of Mali occurred during June of 1972 in London. African scholars, including Leopold Senghor, poet and Senegal's President, were in assembly. ","['rechox6aq8lnZHEIe']","Professional","True","","['recBdxaNWIHd4zhkg']","['reciMPeHDFpI9tIhG']"
"recwUtCBfFx94hXbf","apdp.event.000069","Death of Christopher Okigbo (Nigeria |  |  | Nsukka |  |  |)","Death of Christopher Okigbo","1967-09-18","1967-09-18","On September 18, 1967, Christopher Okigbo, Nigerian poet, was killed during a battle with the federal Nigerian army in the town of Nsukka. Okigbo was fighting on behalf of the seceded territory of Biafra in Nigeria. ","['recIAhp8R3p81y30Y']","Political","True","['recWKgWNR659EIyBD']","['recBvLFtelOVzL0YK']","['reco8V3iXiXAedDyW', 'recyA4svYJsij1zRe', 'recJrcWm5Usg0ct3S']"
"recAXprpVq3W2VJ5L","apdp.event.000070","International Conference on Human Rights (France |  |  | Paris |  |  |)","International Conference on Human Rights","1985-05-30","1985-05-30","A two-day international conference on human rights occurred in Paris, France on May 30, 1985. The conference included the South African poet Breyten Breytenbach. ","['rec5uZ6yp93lYlibj']","Political","True","","['recIGSwI3zYEGJaaM']","['recaS3VIsSbvtPPQe']"
"rec3a3fUFnYztCuDN","apdp.event.000071","Economic agreement with Malagasy Republic (Madagascar |  |  | Tananarive |  |  |)","Economic agreement with Malagasy Republic","1970-11-19","1970-11-19","A South African delegation arrived in Tananarive on November 11, 1970 to sign an economic agreement with the Malagasy Republic and for talks with Government leaders. Under the agreement South Africa will lend Madagascar the equivalent of 1,350,000--repayable over 25 years--to develop its tourist industry.","['recEQ5xxm0QUQCzsd']","Political","True","","['rec5FVXJsCsQo4ZI6']","['recZx85y67e9wCf4P', 'reclXZGJlbKooYSKy']"
"recIztps15FgnRsOA","apdp.event.000072","ICA Special Poetry Reading (England |  |  | London |  | Nash House |)","ICA Special Poetry Reading","1970-07-29","1970-07-29","On July 1970, an ICA Special poetry reading was held featuring Janos Pilinszky, Ted Hughes, Carolyn Kizer, and Dennis Brutus at the Nash House.","['recNrUgXDk0Lw29Sk']","Professional","True","","['recaLBDKPomp4cstB']","['rec16W9upAvWTA1fp', 'rec7ZIDKAVItj5dNb']"
"recXJKpCZXbg7QDDI","apdp.event.000073","BBC Arts and Africa Poetry Award (England |  |  | London |  |  |)","BBC Arts and Africa Poetry Award","1988-01-01","1988-01-01","In 1988 in London, Kojo Laing, African poet, received the BBC Arts and Africa Poetry Award for his collection ""Godhorse.""","['rechox6aq8lnZHEIe']","Professional","True","","['reclkjf5RAoQfCuhd']","['recVCcr2e6uwbU29h']"
"rec5QTXygRJUaGBBm","apdp.event.000074","Death of Sheik Benguedda El Hadj Belarbi (Algeria |  |  | Mazouna |  |  |)","Death of Sheik Benguedda El Hadj Belarbi","1932-01-12","1932-01-12","The muslim poet Sheik Benguedda El Hadj Belarbi died on January 12, 1932 in Mazouna, Algeria.","['reccJ3NpqtjBETJZn']","Social","True","","['recLnMJdgNFWWgjLQ']","['recNvSSrC0BvfGxUb']"
"recMM3L2PIsxQ3OMU","apdp.event.000075","Performance of ""Death and the King's Horseman"" at the National Theatre, March 2009 (England |  |  | London |  |  |)","Performance of ""Death and the King's Horseman"" at the National Theatre, March 2009","2009-03-28","2009-03-28","On March 28, 2009, Wole Soyinka's play ""Death and the King's Horseman"" was performed at the National Theatre in London. The 1975 drama tells the story of Elesin, the horseman of a local chief in Oyo, Nigeria, who, when his chief dies, is supposed to follow him into the afterlife.","['rechox6aq8lnZHEIe']","Professional","True","","['recFI0UKub8dFqzKy']","['recKH7lEGkyVkOhXk']"
"recoujZsQyWONmj8U","apdp.event.000076","Performance of ""Death and the King's Horseman"" at the National Theatre, April 2009 (England |  |  | London |  |  |)","Performance of ""Death and the King's Horseman"" at the National Theatre, April 2009","2009-04-04","2009-04-04","On April 4. 2009, Wole Soyinka's play ""Death and the King's Horseman"" was performed at the National Theatre in London. The 1975 drama tells the story of Elesin, the horseman of a local chief in Oyo, Nigeria, who, when his chief dies, is supposed to follow him into the afterlife.","['rechox6aq8lnZHEIe']","Professional","True","","['recFI0UKub8dFqzKy']","['recKH7lEGkyVkOhXk', 'recvforEjCYb8aDqu']"
"recVqeH9GcwzvGsoM","apdp.event.000077","Boycott of Olympic Games, 1976, Canada (Canada |  |  | Montreal |  |  |)","Boycott of Olympic Games, 1976, Canada","1976-07-20","1976-07-20","In 1976 in Canada, Dennis Brutus, alongside SANROC, called for the boycott of the 1976 Summer Olympic Games in Montreal. Brutus and SANROC cite the racism inherent in South African policies for selecting only white athletes as the reason for requesting countries to boycott participation in the games.  ","['recsk9Exfn7woMpuy']","Political","True","","['recaLBDKPomp4cstB']","['recJLYS42ADuDmmjF', 'recN6ESnXd64J2xOf']"
"recmZlEhcyptKCYc4","apdp.event.000078","Boycott of Olympic Games, 1976, South Africa (South Africa |  |  |  |  |  |)","Boycott of Olympic Games, 1976, South Africa","1976-07-19","1976-07-19","In 1976 in Canada, Dennis Brutus, alongside SANROC, called for the boycott of the 1976 Summer Olympic Games in Montreal. Brutus and SANROC cite the racism inherent in South African policies for selecting only white athletes as the reason for requesting countries to boycott participation in the games.  ","['recKow3Gb4ICpWOsk']","Political","True","","['recaLBDKPomp4cstB']","['recJLYS42ADuDmmjF']"
"reckhbRtx4Wp98rgk","apdp.event.000079","Protest on behalf of Wole Soyinka's arrest (England |  |  | London |  |  |)","Protest on behalf of Wole Soyinka's arrest","1968-11-27","1968-11-27","On November 27, 1968, following Wole Soyinka's arrest in 1967, a group of demonstrators with ""Free Soyinka"" banners protested his imprisonment outside of the Mercury in London.","['rechox6aq8lnZHEIe']","Political","True","","['recFI0UKub8dFqzKy']","['recxrGODZ06npUEsl']"
"recQRzhoeaVF28IXQ","apdp.event.000080","Protest Demonstration at Ibadan University (Nigeria |  |  | Ibadan |  |  |)","Protest Demonstration at Ibadan University","1965-10-18","1965-10-18","On October 18, 1965, a class occurred between police and undergraduates at Ibadan University in Nigeria. The protest demonstration at Ibadan University was in response to the the outcome of the regional elections. In Lagos market, women were dispersed by police with tear gas while on a protest march to the Prime Minister's residence. Police in Ibadan declared Mr. Wole Soyinka, a Nigerian playwright and poet, to be a wanted person. ","['recGm2Eb6cRoyhaB3']","Political","True","","['recFI0UKub8dFqzKy']","['receeTDEHoERkn5AE']"
"recVwm4xXszG9QwUU","apdp.event.000081","Detention/Release of Jack Mapanje (Malawi |  |  |  |  |  |)","Detention/Release of Jack Mapanje","1990-01-01","1990-01-01","Jack Mapanje, Malawi's best-known poet, was released in May 1990 after three-and-a-half years' detention by the Malawi government without charge or trial.","['reczcxwy3WZlFfIGy']","Political","True","","['recHO9AeFrAOe1QdE']","['recvCjz3fvGX04xHA']"
"rec93QTQMgFvtDAOp","apdp.event.000082","Boycott of British Commonwealth Games (SANROC) (Scotland |  |  | Edinburgh |  |  |)","Boycott of British Commonwealth Games (SANROC)","1970-04-24","1970-04-24","On April 24, 1970 in England, Dennis Brutus, along with SANROC, led a mass boycott of the British Commonwealth Games in Edinburgh for racism in the South African sport for refusing to allow nonwhite athletes.","['recitjeHL1Xcw2NoC']","Political","True","","['recaLBDKPomp4cstB']","['recNhCCs9VwCCwimc']"
"recxToWc8cDShdRAW","apdp.event.000083","Commonwealth Education Conference (India |  |  | Delhi |  |  |)","Commonwealth Education Conference","1962-01-15","1962-01-15","The Commonwealth Education Conference, held in Delhi in January of 1962, was a meeting of educational ministers from colonial nations of the UK who were seeking additional education and training in order to increase the educational level of their nation. The Conference in 1962 specifically considered books and their publishing in the English language.","['rec3mPMCqGOXlpCsL']","Professional","True","","['recBvLFtelOVzL0YK']","['rec77Z1aOFiEhsKq7']"
"recRiFqn5WXcfu6gE","apdp.event.000084","Execution of Benjamin Moloise (South Africa |  |  | Johannesburg |  |  |)","Execution of Benjamin Moloise","1983-01-01","1983-01-01","Benjamin Moloise, a black South African poet, was convicted to capital punishment by the apartheid regime of South Africa for allegedly murdering a policeman in 1982. The African National Congress claimed responsibility for the murder and repudiated the claim that Moloise was involved, but Moloise was hanged on 18 October 1985 at the Pretoria Central Prison despite worldwide pleas for clemency.

https://en.wikipedia.org/wiki/Benjamin_Moloise","['recyoQaqwseFyDM9Z']","Political","True","","['reclRsCpN7UKUY3Tk']","['recLJcluC4SDpUyn6', 'rec3gFpzBZDmEq5jm', 'rec4DDpq8hdctcRBa', 'recrARV4TjBgEwwAf', 'recwpdJftwhqtIHfL']"
"recYIkzFlhemFCEOJ","apdp.event.000085","The Politics of Exile, Conference (England |  |  | London |  | Institute for Contemporary Arts. |)","The Politics of Exile, Conference","1987-04-25","1987-04-25","Beginning April 25, 1987 in London, The Politics of Exile Conference, organized by the Third World Foundation and South magazine at the Institute for Contemporary Arts, occurred. It featured writers and intellectuals who spoke about the Latin American, African, Middle-Eastern, South Asian, and African experiences of exile.","['recVXYbHkWbTO55jN']","Political","True","","['recaLBDKPomp4cstB']","['recyiOYSKD1ns6Z1f']"
"recjt1SgHRxSVlIhi","apdp.event.000086","Nobel Prize for Literature awarded to Wole Soyinka (Nigeria |  |  |  |  |  |)","Nobel Prize for Literature awarded to Wole Soyinka","1986-01-01","1986-01-01","The main literary award winners of 1986 were as follows: the Nobel Prize for Literature, Wole Soyinka of Nigeria; the Booker Prize, Kingsley Amis; the Prix Goncourt, Michel Host; the Ritz Paris Hemingway Award, Marguerite Duras.","['recTtNT42G8w7bv1Y']","Professional","True","","['recFI0UKub8dFqzKy']","['recqB1HuXjMNEncKo', 'recCQ2zRi2YGDOjgG']"
"recPeFrhzMDApGL18","apdp.event.000087","John Whiting Award to Wole Soyinka (England |  |  | London |  |  |)","John Whiting Award to Wole Soyinka","1967-01-01","1967-01-01","Lord Goodman, chairman of the Arts Council, presented the John Whiting Award in 1967 to playwright Wole Soyinka. This award was given to British or Commonwealth playwrights for a play or plays, either read in script form or seen in production during the year, which show a new and distinctive development in dramatic writing.","['rechox6aq8lnZHEIe']","Professional","True","","['recFI0UKub8dFqzKy']","['recZ3aZhLCPuvFzdb']"
"reccgwdkL9fiweGYc","apdp.event.000088","Dennis Brutus protests the Olympics (SANROC), February 1970, London (England |  |  | London |  |  |)","Dennis Brutus protests the Olympics (SANROC), February 1970, London","1970-02-06","1970-02-06","Dennis Brutus protests South Africa's involvement in sports internationally with SANROC. He works to bring attention to the state of South Africa under apartheid. ","['rechox6aq8lnZHEIe']","Political","True","","['recaLBDKPomp4cstB']","['recsvSuMfdoml9ybQ']"
"receycrl35HWuSDwC","apdp.event.000089","Dennis Brutus protests the Olympics (SANROC), 1969, South Africa (South Africa |  |  |  |  |  |)","Dennis Brutus protests the Olympics (SANROC), 1969, South Africa","1969-10-21","1969-10-21","Critics of apartheid suggest that the South African cricket team should not be allowed to perform in the 1970 South African Tour of England (which was, indeed, canceled). In 1962, the ""South African non-racial Open Committee for Olympic Sports""--SANROC--was formed. Headed by Dennis Brutus, this group organized multiple boycotts and protests against South Africa's participation in international sport competitions.","['recMHSLkrfWVTtGXu']","Political","True","","['recaLBDKPomp4cstB']","['recsvSuMfdoml9ybQ']"
"recitVL20hvR0jdeo","apdp.event.000090","Dennis Brutus protests the Olympics (SANROC), May 1970, London (England |  |  | London |  |  |)","Dennis Brutus protests the Olympics (SANROC), May 1970, London","1970-05-13","1970-05-13","Dennis Brutus protests South Africa's involvement in sports internationally with SANROC. He works to bring attention to the state of South Africa under apartheid. ","['rechox6aq8lnZHEIe']","Political","True","","['recaLBDKPomp4cstB']","['recsvSuMfdoml9ybQ']"
"rec5BR1dbaQ9phwSM","apdp.event.000091","Dennis Brutus protests the Olympics (SANROC), 1977, London (England |  |  | London |  |  |)","Dennis Brutus protests the Olympics (SANROC), 1977, London","1977-06-11","1977-06-11","Dennis Brutus, on behalf of SANROC, flew into London in June of 1977 in order to protest Wimbledon, as he similarly organized the walkout at the Montreal Olympics in 1976.  Brutus flew into London with a threat that the Centre Court could be sabotaged if white South Africans are allowed to play. ","['rechox6aq8lnZHEIe']","Political","True","","['recaLBDKPomp4cstB']","['recsvSuMfdoml9ybQ', 'recbsXLfR606pjLvG', 'recNbvnU0iFgYJpNI', 'recTztE7xLConPRSO', 'rec610EoPGo4hcJGo', 'recvZrOZg6TvCZPkS', 'recDTbZjo2nGlEBBQ']"
"rec77MzkjxYAvMwuc","apdp.event.000092","Dennis Brutus protests the Olympics (SANROC), 1969, London (England |  |  | London |  |  |)","Dennis Brutus protests the Olympics (SANROC), 1969, London","1969-11-09","1969-11-09","Dennis Brutus protests South Africa's involvement in sports internationally with SANROC. He works to bring attention to the state of South Africa under apartheid. ","['rechox6aq8lnZHEIe']","Political","True","","['recaLBDKPomp4cstB']","['recsvSuMfdoml9ybQ']"
"recv7Hcu2htfwjy4x","apdp.event.000093","Dennis Brutus protests the Olympics (SANROC), 1976, Montreal (Canada |  |  | Montreal |  |  |)","Dennis Brutus protests the Olympics (SANROC), 1976, Montreal","1976-06-25","1976-06-25","Dennis Brutus organized a mass boycott/protest of South Africa's participation in the 1976 Montreal Olympics with SANROC, the South African Non-Racial Open Committee. ","['recsk9Exfn7woMpuy']","Political","True","","['recaLBDKPomp4cstB']","['recsvSuMfdoml9ybQ']"
"recJiUqzYb7rwfRtU","apdp.event.000094","Dennis Brutus protests the Olympics (SANROC), 1971, London (England |  |  | London |  |  |)","Dennis Brutus protests the Olympics (SANROC), 1971, London","1971-02-28","1971-02-28","A non-white sports committee was formed to work alongside the white South African Olympic and National Games Association towards South Africa's fight for re-entry to the Olympics. Dennis Brutus spoke out against this move, suggesting that it was a ""blow"" to black South Africans who want multi-racial sports. ","['rechox6aq8lnZHEIe']","Political","True","","['recaLBDKPomp4cstB']","['recsvSuMfdoml9ybQ']"
"rec9Qe0Y3aGZiHdWR","apdp.event.000095","Performance of ""Anowa"" at the Gate Theatre (Ireland |  |  | Dublin |  |  |)","Performance of ""Anowa"" at the Gate Theatre","1991-04-09","1991-04-09","Ama Ata Aidoo's play ""Anowa"" is performed at the Gate Theatre as part of a season of women's theatre sponsored by NatWest. ","['rechwHQC1CkaAoQku']","Professional","True","","","['recqvUO67yw99bwAL']"
"recc4xJH9wxTyIUMB","apdp.event.000096","Arrest of Pitika Ntuli (Swaziland |  |  |  |  |  |)","Arrest of Pitika Ntuli","1978-04-07","1978-04-07","On April 7, 1978, Pitika Ntuli, a South African poet and sculptor living in exile in Swaziland, was arrested and detained by Swazi authorities under anti-terrorism law. He was not charged with any offense and was held for a year on death row as a political prisoner in a Swaziland jail. Once released, he fled to England, where he lived for 18 years.","['recAeBDDtjymZ4s6v']","Political","True","","['recPgm4Uyjhs03RyH']","['rectH75LftSZ6rlLV', 'receIXs0awMA1CJQR']"
"recS4fLAWGsX8nvfy","apdp.event.000097","Performance of ""The Invention"" by Wole Soyinka (England |  |  | London |  |  |)","Performance of ""The Invention"" by Wole Soyinka","1959-11-01","1959-11-01","On November 1, 1959, Wole Soyinka's play ""The Invention"" was performed at the Royal Court in London. ","['rechox6aq8lnZHEIe']","Professional","True","","['recFI0UKub8dFqzKy']","['recQIvZRJ1xtwBBtm']"
"recF7ZQrK55WrAcFb","apdp.event.000098","African Literature: What Shall We Read? (England |  |  | London |  | Commonwealth Institute |)","African Literature: What Shall We Read?","1991-04-12","1991-04-12","On Friday, April 12 to Saturday, April 13, 1991, a conference was held at the Commonwealth Institute in London to celebrate and discuss African Literature. The event included participants such as Ama Ata Aidoo, Cyprian Ekwensi, Chenjerai Hove, Aminata Sow-Fall.","['reckMCDwgXYTZio0M']","Professional","True","","","['rec69hBscHBTDezoU']"
"recBamP4OprLw7774","apdp.event.000099","Christopher Okigbo Nigerian Arms Deal (Nigeria |  |  |  |  |  |)","Christopher Okigbo Nigerian Arms Deal","1966-10-30","1966-10-30","On October 30, 1966, Chritopher Okigbo, a poet from Eastern Nigeria, planned the deal with a French ex-policeman, Paul Favier to transport 1,007 sub-machine guns to defend the Ibo against the ravages of the Hausa tribesmen from Northern Nigeria. ","['recTtNT42G8w7bv1Y']","Political","True","","['recBvLFtelOVzL0YK']","['recXeqnaPJSamDLuX']"
"recw9dVq0ifKimrP0","apdp.event.000100","Arrest and Imprisonment of Dennis Brutus (South Africa |  |  | Johannesburg |  |  |)","Arrest and Imprisonment of Dennis Brutus","1964-01-09","1964-01-09","In Johannesburg, South Africa, on January 9, 1964, Dennis Brutus, president of SANROC, was sentenced to eighteen months of imprisonment on four charges of contravening a banning order and one of escaping from custody. ","['recyoQaqwseFyDM9Z']","Political","True","","['recaLBDKPomp4cstB']","['recL5Ov5slzthgeaf']"
"","apdp.event.000101","Death of Roy Campbell (Portugal |  |  | Lisbon |  | Setubal |)","Death of Roy Campbell","1957-04-23","1957-04-23","Roy Campbell, a South African poet, was killed in a car accident in near Setubal, Portugal on April 23, 1957. His wife was taken to the hospital but survived.","['recLfWyLrsRLtd51X']","Personal","True","","['recZCHkAMEtH7xn9G']",""
"","apdp.event.000102","Death of Léopold Sédar Senghor (France |  |  | Verson |  |  |)","Death of Léopold Sédar Senghor","2001-12-20","2001-12-20","Léopold Sédar Senghor, poet and Senegal's President for two decades, died on December 20, 2001.","['recBgS1gB91K6oyrZ']","Personal","True","","['recBdxaNWIHd4zhkg']",""
"","apdp.event.000103","Veldsinger's Club (South Africa |  |  | Johannesburg |  |  |)","Veldsinger's Club","1910-01-01","1910-01-01","The Veldsinger's Club was a small company of South Africans living in Johannesburg who enjoyed poetry. They published a small collection of verses written by the members. Olive Schreiner writes the forward to this work. ","['recWRiazTTeGudKdk']","Social","True","","['rec1Tx2Lc0ighEq1E', 'recemAMbhntp1TXtr', 'recgISXyBjBqVvzuV', 'recj6nce2HJQvhZQO', 'recLu28d8J1ZVJSYJ', 'recZRGFsEJBzKofvM', 'rec3p8J4f8VlC37h8', 'recaQR4MFonvM8PUB', 'rect3q1WANWYg0biY', 'recBm6uqGsndENSgq']",""
"","apdp.event.000104","World Festival of Negro Arts, 1966 (Nigeria |  |  | Lagos |  |  |)","World Festival of Negro Arts, 1966","1966-01-01","1966-01-01","In 1966, Nigeria hosted the first World Festival of Negro Arts.","['rec80yx5S3kwZ3MgL']","Professional","True","","['recBdxaNWIHd4zhkg']",""
"","apdp.event.000105","World War II ()","World War II","1933-01-30","1945-09-02","","","","True","","","['recOrzcXPZ9f94s8Y']"
"","apdp.event.000106","Man Booker Prize ()","Man Booker Prize","2002-01-01","","Sponsored by the Man Group","","","True","","","['reci1BFtvUa3ukoOZ']"
"","apdp.event.000107","Booker Prize ()","Booker Prize","2019-01-01","","Man Group stopped sponsorship","","","True","","","['recBGkiiPMzjxHs8b']"
"","apdp.event.000108","Nobel Prize for Literature ()","Nobel Prize for Literature","2003-01-01","","","","","True","","","['reci1BFtvUa3ukoOZ']"
