"airtableID","Id","Name","[locations]","educations [join]"
"recmFvtzUMqaFmOoC","University of Cape Town,  (South Africa |  |  | Cape Town |  | )","University of Cape Town","['recByKWBNYTnFNrCp']","['rec3bN6h4RzKwzRxn', 'recA5Ylw090KJhyL3', 'recgzce3jHYere2GQ', 'recdzmgRbsWwFt8Q4', 'recCiX23yfHVBASQn', 'reclmTHeLUDRkKoIA', 'recqCRuWe0Kn74kUP', 'rectpwjRmih4gwScH', 'recReJRbOtilvdFbH', 'recYyER83U0tclynk', 'recyDjfUr3B0TKwp7', 'recfvdVY3Ibv1R8A6', 'recMrGDP73kjj9FQp', 'recGkk1leaTZRp3sL', 'recbnleMepYBnZXNq', 'recKi23jM3uS2lQYJ', 'recRBIVUwSG0U5dP9', 'recneoIiSBDtoiipw', 'recfgVaF0CZ6ZgpSX', 'recmuBJXB1gKdMZ9E', 'recsBtIHYLuOd7Fs1', 'recye7jWE6CvFDT0K', 'recfCobBd1NunlcZb', 'rec79CVorioYPJ2yZ', 'recstTg16VJtVxZhL', 'rec1jketFCB1bbBHD', 'recwba0owM5KsTxYs', 'recukpp3AKfsvOjf3', 'rec3BEYd3sgSekejx', 'recmKSW25j2HxHZtw', 'recKlbMD932cr9TLa', 'rec9d6mCWd80zqVj0', 'recKQ54vMIs8VVx14', 'recRWlXDcs9kFQgwF', 'recapRxuITGoLsHHM', 'recxWNksFtmrknXy9', 'recurxymNANmGPutX', 'rec37RTi4qIzmgIVx']"
"recWTYOjdE4iyvqWj","University College of Ghana
,  (Ghana |  |  | Accra |  | )","University College of Ghana
","['recuKEdPzd1pJCj4L']","['recqSCI6VFws1C1K6', 'recioRhyWdOr0wy5X', 'recVOYbInHS4lgS70', 'recRM68tb6EZnl9qn']"
"recZDrWl4hRL6BX1D","University College London,  (England |  |  | London |  | )","University College London","['recR6YHhrfthZo5tS']","['recii78vtyQZS1Mc4', 'recp7ZXL48es4sBOe', 'recu7fkdc595eLRBA', 'recVlH6MD8aszwBvX']"
"rec8ZZC75PKfSknwR","SUNY at Stony Brook,  (United States | New York |  | New York |  | )","SUNY at Stony Brook","['recRPTnrNPU6ArRJv']","['recpBM3VNEzqi29Rq']"
"recTOPJPNxnOoaEO1","New College,  (England |  | Oxfordshire | Oxford |  | )","New College","['recZw13lsI65j01ma']","['recgQKNOtX8FVir9H']"
"rec7mDWKcXSN0q9p0","University of the Witwatersrand,  (South Africa |  |  | Johannesburg |  | )","University of the Witwatersrand","['recFjYFloIc1MhnAb']","['rec1iHMSzdlLBPQic', 'recwXjw2jExLVXxbn', 'recyj97K9TNhmOHdQ', 'recT1fyIWmS0IWXGX', 'reck5WqpkSJHSamOL', 'rec9zvFHgDfgofjo3', 'recmKW9avpqYWuDFm', 'rec03gW5o4cBc5P2z', 'recJmbGfxYNfNYh8C', 'rec7eRZcMgLIVPiQb', 'recZJhgLBIt8MaHKu', 'recvlXb0VFefYqb10', 'recDs9O6lfOlnO4SL', 'reciueLfVghOoKo48', 'rechsdOz6PZMzZLC3', 'recYPUV7v2YGDVdH6', 'recelLOjoYBA6FLce', 'rec6GvgvLYIObcTsy', 'recGFAscfoiEfkFjr', 'recv7Uj07iUSgWyQM', 'recVZtTiWpVGaFeMY', 'recnLxFkmBcWyCf3q', 'recJGDcS01N14b4dp', 'rec6pJJNgqe6jdggk', 'recwOWLb4AwQiREjc', 'recnrtNY8ZrB08l1J', 'recySXOZrLbOKAUE5', 'recp3jwwX2IrxSu7o']"
"rec4dAhXgzgV2Nb1Z","Oxford University,  (England |  | Oxfordshire | Oxford |  | )","Oxford University","['recZw13lsI65j01ma']","['recwefKTeVNX2zIbM', 'rec5yhwc0Oyhzy4gF', 'recg0OwSTcQVbHtA4', 'recwFiizhdfaE9noi', 'rec86wdnnLfcXf5xc', 'rec3UwMnNbqjt5yao', 'recq8TppURipdU2cb', 'recZjicWKD3VQwrGk', 'recfau7iFtBuX4jBy', 'recbQi5i9VW592sk7', 'rec9psoC02M54P4IZ', 'recPlWQU1lC1ECW9P']"
"recCbZxP6zua5eb6N","University of Zambia
,  (Zambia |  |  | Lusaka |  | )","University of Zambia
","['recaIwABJrji6dfYe']","['recYBIGUbwCHaPIws']"
"reczoprATwGTQDiGC","Yale University
,  (United States | Connecticut |  | New Haven |  | )","Yale University
","['recWeERfZymyM2L94']","['recYHRKJj2KRbWwYZ', 'rec64X9h7kT3z1Mb0', 'reclV3RfI8uhDH9mf']"
"recEOeYkvtqF6XibF","Brown Univeristy,  (United States | Rhode Island |  | Providence |  | )","Brown Univeristy","['recK3N6x5J0EJbRQ7']","['recUf8deWeaJLegSC']"
"receUXSEfNPKkQVsK","Princeton University,  (United States | New Jersey |  | Princeton |  | )","Princeton University","['recYGKVmpfAh6jsAx']","['recY9oGcOfhyc0NK7', 'recKsX0KWngW57pPL', 'recpiuvzNrUABK3gK']"
"recG8TKvilamMpoB8","Rhodes University,  (South Africa |  |  | Grahamstown |  | )","Rhodes University","['recSFNm7cRV4I7fI7']","['recXtpBeZi1r4dWRP', 'recNslWbBeFzkZMpD', 'rec8eryL1BLX3aArq', 'recQJEoI1KOQF8NDC', 'recmCvSWDm0IY0oLh', 'recBkhBG7e6y6IZ0s', 'recH3IRqDDS2tQhVl', 'recq1Vgf5yhH70mAx', 'recdqz4GBcyZ6XdiS', 'recOVPdXxrFHveysn', 'reclrn7ra4a8QAp67', 'rec5lnLIgVZGUryB9', 'rec4tE5GNezlTQNOh', 'recFCMiStAUaML3kP', 'rec7gfV0VWloaC8Of']"
"rec1UBjl9jop5IN3S","University of Texas, Austin,  (United States | Texas |  | Austin |  | )","University of Texas, Austin","['recRe7jxzJfKeARmP']","['recxbQk85SrqUxz1k', 'recbWuFyQ8No2TEE8', 'recfAnMB0tnNR0x2t']"
"recM11VAW2fWzPDKL","University of Natal,  (South Africa |  |  | Natal |  | )","University of Natal","['recAdor1XpIQj7cbU']","['recD2XzCQxu2iXORM', 'recCXIf8lwbC0O4wi', 'recfcbaY99BwFHeHb', 'recfoesW2MZISzzJ3', 'rec3SozAkTnBBD9gV', 'recKdWe4DICAXAj7B', 'recxHJLUuxzR3AbFd', 'rece1geuHniBR6Kye', 'recEDmca0PQkY4xZC', 'recZxZFPoJ2j5malN', 'rec63kpZ6BiOVU7GA', 'recsB2oQTJcBHtjNT', 'recD4ISJxwwKHmRo8', 'rec1PNC6pJNjtCad7']"
"recqyrIflPNKodBo7","Trinity College,  (England |  | Cambridgeshire | Cambridge |  | )","Trinity College","['recRLZkA0sd1SZeH4']","['recuHHSD6MT3iggBe', 'recx8HFcLMes4lleb', 'reciuOGu4vNarQFzk']"
"recpniATJZ2xxXDxk","Cuddesdon Theological College ,  (England |  | Oxfordshire | Oxford |  | )","Cuddesdon Theological College ","['recZw13lsI65j01ma']","['recs6yVnN2NVa7FcK']"
"recSahzOwhsCaEt1h","Magdalen College,  (England |  | Oxfordshire | Oxford |  | )","Magdalen College","['recZw13lsI65j01ma']","['reclmNdySFgDctIWZ', 'recl9cdJFmLfzaLRx', 'recGZviFZoRMj9OOj']"
"recagQK4nAq8dYqq8","Wadham College,  (England |  | Oxfordshire | Oxford |  | )","Wadham College","['recZw13lsI65j01ma']","['recMQd5QNZ3TUDEB9']"
"recWQci3ZaBGmSzj8","Ecole Normale William-Ponty,  (Senegal |  |  | Kolda |  | )","Ecole Normale William-Ponty","['recvbJQb4b37Hjsi8']","['recZ5IBalie8vKlHB']"
"recG4dS6Wiu4K8UBv","École Normale de Katibougou,  (Mali |  |  | Katibougou |  | )","École Normale de Katibougou","['reclNofGusQHQdkCJ']","['recTLVpnvHbC6WCs2']"
"recWZUqvy9UDKKCoH","University of Toulouse,  (France |  |  | Toulouse |  | )","University of Toulouse","['recetXlxCcxKVgwta']","['recgz0kNnEwqdws3h', 'rec4WlkAmEbbbLhSq']"
"recAYV8Mv6DlMEPt2","Cornell University
,  (United States | New York |  | Ithaca |  | )","Cornell University
","['rec0KXwVH1vcpBlyV']","['rec9piOtkCadg0ZnE', 'recNVhxPBwoNjbc6t', 'rectzc5y0ruKGe3Ez', 'recr7FYo1f4hsL2L6', 'recoqSSEoJOmqyF02', 'recy2kHuFzB8nold9', 'recCuG9VBhlFSnrLm']"
"reclpHNGTKzlJ6PFd","University of Ibadan,  (Nigeria | Oyo State |  | Ibadan |  | )","University of Ibadan","['recesdnoCDNCstSIs']","['recHYegQSMzrqHePJ', 'recdlkYgscpxaEubi', 'rec3tU26pFhfIzWq4', 'recmJqE8qwyOJ6OAr', 'recHb24xXYh54ozyQ', 'recH5HVixkKawpTPG', 'rec8QdOVleXSaKQoL', 'recGebMKXRg09PCZZ', 'recFjjW76Lf0dACjk', 'recVgdxhtz0PnD9Wl', 'recbJbDISxGQ8gn6B', 'recBDof7wtBEPNZrh', 'recEv6FloTJb1C4Dk', 'recOwiGyGQSdnnFsx', 'rec3lEHPINkMc27iE', 'reca29j0nMPLFTGef', 'rec31SLj6lo3YEfkX', 'rec3sX2r4hlQV2joe', 'recN8hhBOrk2b65Oq', 'recWjgR3xaWLEqO6e', 'recNcOXGXFsVB9i8I', 'recjpsIVLCL3wtieT', 'rec5uBI53KKyMf4bb', 'recKS7gAO8CNRJ54i', 'recM1PZoinXeQAGva', 'recy0zvsl2ZjVOK8J', 'recUzQQsyyMYsriYE', 'recONrszxIjBVXVUD', 'recoTtpPu5BMgyVHS', 'recy7pxKjM5QXcfjO']"
"rec8skiHiDl504C6f","University of Durham,  (England |  |  | Durham |  | )","University of Durham","['recIepZATHwn0qVtE']","['recwGx0pykmaCUk5k']"
"reckwS53DxJW2VHxL","University of Zululand,  (South Africa |  |  | Natal |  | )","University of Zululand","['recAdor1XpIQj7cbU']","['recqpwJgxRopGEnOc', 'recMNvYshGnyIckTT']"
"recxpM30Kg4EUW1Rb","University of Sheffield,  (England |  |  | Sheffield |  | )","University of Sheffield","['recE65je4kpVikr3y']","['recR1H57Z9XD2XIUd', 'recxPqXb9ZxzGDqrY']"
"rech58muDl0CYb53E","Massachusetts Institute of Technology
,  (United States | Massachusetts |  | Cambridge |  | )","Massachusetts Institute of Technology
","['reccmZIG8WaCtw0My']","['recVrO7MEnBEwE2Ho', 'recQkGV7IBtMDJ0ZE']"
"recEhu57UMBKmdvzJ","SUNY at Buffalo,  (United States | New York |  | Buffalo |  | )","SUNY at Buffalo","['rec8O1OX3UH9GeK2U']","['recbXhl0NBeA5F5pt', 'recwP9FRRRm4XFiAs']"
"recvJV4YAvWaLBJky","South African College,  ()","South African College","","['recbD8dBBI2Z7JBhX']"
"rece1L9bl6kn7HZTA","University of Stellenbosch,  (South Africa |  |  | Stellenbosch |  | )","University of Stellenbosch","['recL9Ygk9XUH16OOc']","['rec2ERDLACJKsm5Bl', 'recykEmNQdScpPuSN', 'recsXoYV6ngkfmSsO', 'recGRqNg6QYAI8DdA', 'recxXSEJ1Rhw5ZLQy', 'recFSGIs5Uj3DCEHM', 'rec7b8s3qr7CQR5r8', 'recFbalUXpmL1q1mB', 'recORreTBpEw0UBUW', 'recjDxJvZzRMx4oxk', 'recQ5IWVEZ0zlQMIp', 'recvOWsv7N3RGJeow', 'recXx3XTte98RMkYe', 'recXAH95fO33A2EVq']"
"recEq8ipuDLENtUwE","University of the Orange Free State,  (""South Africa |  |  | Bloemfontein, Free State |  | "")","University of the Orange Free State","['recIVcyxAaB8rWa7y']","['recQfacUKkxjIK2Ik']"
"rec82mxfVvJ2Bp1SX","University of Pretoria,  (South Africa |  |  | Pretoria |  | )","University of Pretoria","['rec12WNOPdXXeSa9Y']","['rec83v3sYnhv18qJq', 'recpjOWOAWfQ792LC', 'recGLjVHUlvwikj9k', 'recgZWyfc3IVvJl8x', 'recws9FdFobYbEH62', 'rec416B49LYSkgIXY']"
"recsKmRMtKGlmvhHf","Glasgow University,  (Scotland |  |  |  |  | )","Glasgow University","['recT7tEs3G0xeVVHo']","['rec4xH2UmPvWvSFwJ']"
"reckhhQev5s7FQh1G","Howard University
,  (United States | District of Columbia |  | Washington |  | )","Howard University
","['recZ8nuD8yhiuQwZM']","['recm0ihtCpDolZhmE', 'recpOKWcKqpEIJTcK', 'reciqinNNpXjdHrJM', 'recfGpyrTc3iR45EB', 'recPQVao8UYQkBvn3']"
"recKjD2SoudumO98D","Hilton College
,  (South Africa |  |  | Natal |  | )","Hilton College
","['recAdor1XpIQj7cbU']","['rec4l7Ilv1RS5WqIG']"
"rec5j91R5HXY0ErGF","Jesus College,  (England |  | Oxfordshire | Oxford |  | )","Jesus College","['recZw13lsI65j01ma']","['recDlptMkayf16Sg9', 'recL63XsJQrYuT8c4']"
"recLCXrfsIZcWDys6","Univeristy of Malawi
,  (Malawi |  |  | Zomba |  | )","Univeristy of Malawi
","['receZkyG9GibLM5P3']","['recVnYTouCgurqf20', 'recfI0ZlUNroyjPa8', 'recVVgOnKYNiSpsd5']"
"recwqxkHnFaWKU3eg","Institute of Education London
,  (England |  |  | London |  | )","Institute of Education London
","['recR6YHhrfthZo5tS']","['recfKBWxi1rnD9MNq', 'recwxuh8JdSP7T79g']"
"rec1JTP1il8NyQldy","University of Rhodesia,  (Zimbabwe |  |  | Harare |  | )","University of Rhodesia","['recEWO2rZe0WHVrCz']","['recH7xqoNEIDGKOEk', 'recoyQtr3quLTb13L']"
"recmgkTcTsz9sZ4in","University of Iowa
,  (United States | Iowa |  | Iowa City |  | )","University of Iowa
","['recKxrylsaDRWlhmM']","['recGOJPrT2AsIFKY9', 'recjVU8fYwFuRjmxf', 'reclUnykbH7HOPx2f', 'recOi2aYGVvEX6dJy', 'recXhpDfHmsbTbKRt', 'recbiMRLbgA5tC62B']"
"rec63dqyzlDx5zdLd","Columbia University,  (United States | New York |  | New York |  | )","Columbia University","['recRPTnrNPU6ArRJv']","['recNs2GyxwempfjiY', 'recLK4cuy0Tlre74A', 'recGw50vChraAWlrC', 'recJ7ADxDhrjBeOz5', 'rec1b0oDpjOmjCJSk', 'recr6mLlikftDmSsw']"
"recOB6AcoKRzor36T","University of the Western Cape
,  (South Africa |  |  | Cape Town |  | )","University of the Western Cape
","['recByKWBNYTnFNrCp']","['recRAb3pNnADK5cyb', 'rec2CnFrX3XeWAg4W', 'reciiw6tSezIM8Im5', 'recYo8RsAN16CuYVc']"
"recBMgdohHJJCZtGL","Pratt Institute
,  (United States | New York |  | New York |  | )","Pratt Institute
","['recRPTnrNPU6ArRJv']","['rec4o9kKOE3EYCgMB']"
"recYaOlJM5DpNYcP7","Brunel University,  (England |  |  | London |  | )","Brunel University","['recR6YHhrfthZo5tS']","['rec2PLP1vZIaQW2tb']"
"rec6DbUCsPKHJWa5e","Makerere University,  (Uganda |  |  | Kampala |  | )","Makerere University","['reczvcxKIJ5meNQRB']","['recgCnZBdZlUBCHqj', 'recjCH33yxdxEnwcL', 'recL6qhTGYZwToP9X', 'recFVzllvrxivTUMM', 'recTutRrbrZHHrJIO', 'recUYdJu3MwU85VVG', 'rec6Vx14N6y6UeB4K', 'rec174keN8xIjIaIb', 'rec5USGOzD66PWNZi', 'recZ45Nx3OvQWq9Lt', 'recb3rlgQUQsHArtJ', 'recPqsOljvREzVzNQ', 'recLkfEkAvgkilyIR', 'recPMZkKOxz5v4kYt', 'recL44qbWjrF2IQwI']"
"recShp0cHMGUHfNNo","Leiden University,  (Netherlands |  |  | Leiden |  | )","Leiden University","['recXMaJ9Gsl2r8HBg']","['recvzOac0ledXNDSJ']"
"recGBxRAscKN1dM98","Yaba Higher College
,  (Nigeria |  |  | Lagos |  | )","Yaba Higher College
","['rechXxEReQlGKd2ar']","['recBdXudhsShAkIyw']"
"recft4oHotrLS0QsH","Northwestern University,  (United States | Illinois |  | Evanston |  | )","Northwestern University","['rec4AZeZTZivVxhdd']","['rec622mllKxQJ4lCq', 'recyyH5zf2DAInYps']"
"recmHZuIc40bjJ0M6","University of Bristol
,  (England |  |  | Bristol |  | )","University of Bristol
","['recYR7RtcX69vBJsE']","['recdcKE6LJtAZ3UCB', 'recJTQVInla7e0KTP', 'recCW7m478BF8OG8U']"
"recGqSSihJtYd3SZ5","University of South Africa,  (South Africa |  |  | Pretoria |  | )","University of South Africa","['rec12WNOPdXXeSa9Y']","['recEekoLRYjsOVykm', 'recrdwpSz30VSbKpD', 'receE9ZVNDxvnEkpx', 'rec3oYk7nflZynDKr', 'recQrhXcbrmaesK0d', 'rec4ArsfXXosRTHPn', 'recQMSzyBE1V9Ejt4', 'recv3we8xgkgR0hcP', 'recubAJidiaZBWvQf', 'reczUIUG1xPVqovMN', 'recy6IvuRSQ3BN9Ip', 'recAqx1mIATuLltpT', 'recXmxM5lGDRYUG44', 'recSKFphca2azL66k', 'rec6lbYMca2EcxRu5', 'recOr4pCRlFXZrUFY', 'reccEh5GWeglKENjV']"
"recaIQK9G0k1j2KN1","North-West University,  (South Africa |  |  | Potchefstroom |  | )","North-West University","['recCSdknwCuQNJkjz']","['recmZKr4ThXBRqk6y', 'rec2mR48HhPM4fON0']"
"recuG6zkSzfTUg5Gd","Balliol College
,  (England |  | Oxfordshire | Oxford |  | )","Balliol College
","['recZw13lsI65j01ma']","['recO3yGwom57b7lf4', 'recceTwcOBBkljf3N']"
"reciXy4sN3jGCQAuj","University of Edinburgh,  (Scotland |  |  | Edinburgh |  | )","University of Edinburgh","['recfIcl7v6SgmqwkD']","['recCLaHpLfecCZb4V', 'rec2KX4NoKT4J5N7l']"
"recf8tVNTzQKnq93d","University of Paris,  (France |  |  | Paris |  | )","University of Paris","['recaO8FXmzgUWmwxw']","['recZhsEKWcjTtZjTP', 'recIsMxxaOH4Wc8Bi']"
"recjAikPFs9Izr44v","Pretoria Normal College,  (South Africa |  |  | Pretoria |  | )","Pretoria Normal College","['rec12WNOPdXXeSa9Y']","['recsk26efavENfiRY', 'recDjcq0JpWCxmfH9']"
"rec571VzGkER6dg0n","University of Leeds,  (England |  |  | Leeds |  | )","University of Leeds","['recZF7DNd9eSI2awK']","['recZeIKWqRFksdaWV', 'recvh0uoDgzjEILW2', 'recWqFq6TamrIAYW8', 'rec5fAXNXYR3AWcjJ', 'rectAf6CraDAmQ5bw', 'recc9vSe2nsGKEyQK', 'recW0Z2yQB58V7h35', 'recu3RIIpiMOb6Tir']"
"recmfRi39g7JmO1Dc","Oriel College,  (England |  | Oxfordshire | Oxford |  | )","Oriel College","['recZw13lsI65j01ma']","['recWn8a9j25bPzxCj']"
"recX6WJVR4LmR7ZYu","University of Fort Hare,  (South Africa | Eastern Cape |  | Alice |  | )","University of Fort Hare","['recQsTOwGrhHiPMif']","['recqGT76XUUGbaBo4']"
"rec3tGPsSMuQPpbcr","University of Limpopo,  (South Africa | Limpopo |  | Mankweng |  | )","University of Limpopo","['recsXixPd7IW8Nbqi']","['rec0SninRo1ztu4L0', 'recb2AePutYMAimtl']"
"reclXkR5WWqI1ZHXO","University of Eastern Africa,  (Kenya |  | Nandi County | Kapsabet |  | )","University of Eastern Africa","['recbYK7V9Plymm4q2']","['rec0it5fj2hVjHlHK']"
"recFn6m3UzWrYN6X2","Gorky Literary Institute,  (Russia |  |  | Moscow |  | )","Gorky Literary Institute","['reczpMoihksUbsm8n']","['recNFspAWv3rJrMJb']"
"recgMuKrIXoVe1EPp","Essex University,  (England |  |  | Essex |  | )","Essex University","['recxwaEPgfVRRlPPh']","['recXWRbvnew3qVExx']"
"reco8l8xeKCuC2hFK","University of Zimbabwe,  (Zimbabwe |  |  | Harare |  | )","University of Zimbabwe","['recEWO2rZe0WHVrCz']","['rec3DchXS2z9tKwJy', 'recjCr1HCDMzddnj6', 'recyaL03doX8LjiPy', 'recZPHZGI5GYlHaFA', 'recR6jQeaz87IuiGC']"
"recsEVCWVTSAhOiq8","University of Kent,  (England |  | Kent | Canterbury |  | Canterbury)","University of Kent","['recbRp72VTowD4gAe']","['recuyi5LmBgee9nOw', 'recvrcKAoo6bwGldF', 'reccvMTSbjeE5JsnN', 'recLfPywfX9O77PlC', 'recLk4nCWXuUvvj2j', 'recI3VDbCK2aRVVv0']"
"reccHWEEvoEBozrVG","University of Bordeaux,  (France |  |  | Bordeaux |  | )","University of Bordeaux","['receN0Fkb8XY9LX19']","['recTa2h1yrQ6jQmPd', 'recv406yooCYBIsjw']"
"recgQwTy8MZ3hhgA6","University of Ghana,  (Ghana |  |  | Accra |  | )","University of Ghana","['recuKEdPzd1pJCj4L']","['recBqMa4F6GTfdXGN', 'rectzkL6vOpn1pcfL', 'recuNNNSIrKFKY8Vu', 'recYdOjpXI9mOM4p9', 'recnbHZHutGy5SZ7s']"
"rec0EZZr4GahJUHGn","Indiana University,  (United States | Indiana |  | Bloomington |  | )","Indiana University","['rec2lbQThAnBuWF6m']","['reczvJ5ri3S7S6t11', 'recGFRit8YkSIvO3m']"
"rechGC8f9BU9IEm1N","University of the Free State,  (South Africa |  |  |  |  | )","University of the Free State","['recKow3Gb4ICpWOsk']","['recfzr9XmogBDCrPZ', 'recLVWjz6QAeDKeOJ']"
"recAEc6R5qNkptTKC","Hope Home,  ()","Hope Home","","['recHgrJRy9TSrgo8w']"
"reccZVVXVNxj3R7ct","Damelin College,  (South Africa |  |  |  |  | )","Damelin College","['recKow3Gb4ICpWOsk']","['recUajFXevcpqNdlR']"
"recBwAKV7LHfr4iX2","Wits University,  (South Africa |  |  | Johannesburg |  | )","Wits University","['recFjYFloIc1MhnAb']","['recsJW6J7dfIUWeBb', 'recSs3gIXbxDHXUIT']"
"recPXYjKnI5tvqB1p","University of Namibia,  (Namibia |  |  |  |  | )","University of Namibia","['reczqQS9ZW5y2BvDc']","['recZ01B4nMqzAWr5l']"
"recoIsf5dSkWFruA6","Goldsmith College,  (England |  |  | London |  | )","Goldsmith College","['recR6YHhrfthZo5tS']","['rec06SQ4NPWCEAmD3', 'reczb6V9ivXBMgIKZ', 'rechWImik0VMIVkVQ', 'reci5XZeprZNfn425']"
"rec3UcACnZ7nRnLgJ","University of London,  (England |  |  | London |  | )","University of London","['recR6YHhrfthZo5tS']","['recBz0r5IQMtwIZXu', 'recBQGckUEYZWjVmf', 'recV5wBEZ5NgiuWnu', 'recztiCP4kW6rRBpg', 'recek3hFKBCSU4y3k']"
"recIuDplcCMTO7LGM","University of Nairobi,  (Kenya |  |  | Nairobi |  | )","University of Nairobi","['recu3MoBp4ft8I96h']","['recomo5QML4LfIhPt', 'recCfCuNd1LT6topz', 'recktItgq1vfk5dum']"
"reclVYmTzRdtU5nFj","University of Sussex,  (England | East Sussex |  | Brighton and Hove |  | )","University of Sussex","['recJw3JIo8MOXLfN9']","['rec7YfmGNt3zZ6Ppj', 'recKIDJSbBFli5B3H', 'recNfBOxOvaAsQpH4', 'rec2oPjZEICABYBLD']"
"recU1181cFym9Ua3L","Pembroke College,  (England |  | Cambridgeshire | Cambridge |  | )","Pembroke College","['recRLZkA0sd1SZeH4']","['reciIbNMJzDGX5im5']"
"reckCinxwCpSrlLAH","Birmingham University,  (England |  |  | Birmingham |  | )","Birmingham University","['recvjqwts6F7tSGE3']","['recRY6aSay37oKGZm', 'rece1kecCthKY6aj0', 'recUVTwf9LjY7uAwJ']"
"rec2IOTyHklDXW9sv","College of Management,  (Ghana |  |  |  |  | )","College of Management","['recaFVB5L8VE1JnKq']","['recdotx7af8f2pKNI']"
"recFauqOCVHvsrhDD","Diocesan College,  (South Africa |  |  | Cape Town |  | )","Diocesan College","['recByKWBNYTnFNrCp']","['recGOnonp6IVkuYm1']"
"recIn5ATPmEjmbIdX","University of the North,  (South Africa |  |  |  |  | )","University of the North","['recKow3Gb4ICpWOsk']","['reclC0BB1EgZW5Lfv']"
"recS5KcBE4NV84OLo","Jacksonville State University,  (United States | Florida |  |  |  | Jacksonville)","Jacksonville State University","['recCh5zT4gTEqFlEH']","['recPzdyyFpCGBgvsC']"
"rec7R8Emp5CJIv5nN","Georgetown University,  (United States | District of Columbia |  | Washington |  | )","Georgetown University","['recZ8nuD8yhiuQwZM']","['recWvA4cXZm1XCSqb']"
"recDhAfKx4vRdxagr","Guanajuato University,  (Mexico | Guanajuato |  |  |  | )","Guanajuato University","['recxJLlNqdktapSnk']","['recPCyUlQr8bkgkgi']"
"recrM6qG5giOBoDjZ","Ghana School of Law,  (Ghana |  |  | Accra |  | )","Ghana School of Law","['recuKEdPzd1pJCj4L']","['recTw2dsxwmX1oGHe']"
"recVAvWJAPYxIkrsx","University of California, Davis,  (United States | California |  | Davis |  | )","University of California, Davis","['recuvosoY8DloyZ2q']","['rec25wtCU7I1NKGCl']"
"recds3PhMd8o29yyW","University of Michigan, Ann Arbor,  (United States | Michigan |  | Ann Arbor |  | )","University of Michigan, Ann Arbor","['rec96YNMPa6K5r4Qp']","['recc3oRsewsbqjH6a', 'rec7FN2SeL4o5k5Ak', 'recxwjanTCeDEI02L', 'reci9iJZafSS81INd', 'recqzw6Oai4WkpLhH']"
"rec3P2dsy8x6zGGvF","American River College,  (United States | California |  | Sacramento |  | )","American River College","['recQSRIXfl6zg8M5g']","['recpxHepyYfVH96f3']"
"recEe7EiVLG3gFCVI","University of California, Berkeley,  (United States | California |  | Berkeley |  | )","University of California, Berkeley","['recs21lUwTGkDcaMD']","['recabdt0G0CSZBAgb']"
"reckGlPEfDxCeZOTj","University of Tunis,  (Tunisia |  |  | Tunis |  | )","University of Tunis","['recNHqLPj6mI49ZDJ']","['recCj1x4ZQNFGRfuD', 'recegR4pfawFc4Wgk']"
"reczkavbKNoJ5q1Z5","Moulay Youssef Technical High School,  (Morocco |  |  | Tangier |  | )","Moulay Youssef Technical High School","['rec0qzUiakSQ8NrGz']","['recvUC2ASmavPnKxB']"
"recgv5XLCYlLjzNal","University of Granada,  (Spain |  |  | Granada |  | )","University of Granada","['recgDy8R8CddNNthz']","['recBWUMR2p1Vam0ay']"
"recNhgxnPYveCwWML","University of Wales,  (Wales |  |  | Cardiff |  | )","University of Wales","['recANP1LRDcykcMlc']","['recvCKdY2kj0IBtLG', 'recDbsKT4KilSWUht', 'recPZyy8wVvYhGxdu']"
"recSR4hym6I1rMNMm","Anglia Ruskin University, Cambridge,  (England |  | Cambridgeshire | Cambridge |  | )","Anglia Ruskin University, Cambridge","['recRLZkA0sd1SZeH4']","['rec4qfevrnvG0ihOp']"
"recsPSRb1tKYsIouq","University of Sciences and Technology Houari Boumediiène,  (Algeria |  |  | Algiers |  | )","University of Sciences and Technology Houari Boumediiène","['rec1xjUfqFvAT0vUG']","['rec8yIUHQ0pEO1h14']"
"recL3zeftc3MkiydE","University of Cambridge,  (England |  | Cambridgeshire | Cambridge |  | )","University of Cambridge","['recRLZkA0sd1SZeH4']","['recZw4cJkjQrtePFr', 'reck4uQnA14q2yDat']"
"recItBGSx5eXcqcQn","University of Calabar, Nigeria,  (Nigeria |  |  | Calabar |  | )","University of Calabar, Nigeria","['recBazq4hhKHNmemo']","['recnzOXHdtaMWrY70']"
"rec8EAWldNvAIHfcH","Lancaster University,  (England |  | Lancashire | Lancaster |  | )","Lancaster University","['rec6S7AgFWRg8VZs9']","['recSXLh65n1XbNRvY', 'recovSDhf4vnglinj']"
"recIg9wrsAgzhFdSu","University of British Columbia,  (Canada | British Columbia |  | Vancouver |  | )","University of British Columbia","['recANyn5BLZr2cHCG']","['reccSuezNiGsLoHWS', 'rec8HVmwd0gM4cdWS', 'rec7yd5hXSYCakD48']"
"recB7wZoySRHNP1db","Design Academy Eindhoven,  (Netherlands |  |  | Eindhoven |  | )","Design Academy Eindhoven","['rec7kunJpJeqrnWfj']","['recX2sVrJP1Poefbm']"
"","SOAS at University of London,  (England |  |  | London |  | )","SOAS at University of London","['recR6YHhrfthZo5tS']","['recuW5lrjJ5kuVpe4', 'recavdiBO2xv0EU8A', 'recjgfLoxcMxJLmxo', 'recJcBoV1BWPyBhuD']"
"","Royal Holloway, University of London,  (England | Surrey |  | Egham |  | )","Royal Holloway, University of London","['reclfDHqS0XBCBPjH']","['recF22kNNDRXxkF2W']"
"","St. Antony's College, University of Oxford,  (England |  | Oxfordshire | Oxford |  | )","St. Antony's College, University of Oxford","['recZw13lsI65j01ma']","['rec3fpjVdD3GP9nne']"
"","St. Anne's College, University of Oxford,  (England |  | Oxfordshire | Oxford |  | )","St. Anne's College, University of Oxford","['recZw13lsI65j01ma']","['rec7oXAfsCqkaU4mZ']"
"","University of Yaoundé,  (Cameroon |  |  | Yaoundé |  | )","University of Yaoundé","['recLRDz7pmTg15vkv']","['recsPVcWitD1NiJ09', 'recTQCPci79LJkokQ', 'recW7auZUblFgG25v', 'recA3LxOreOcDqjlZ', 'recU1rqRhOtydvzN6', 'recXxKOj5c9365yWw', 'recpAVeVEXXYDSByo', 'recQByNS7HdFDnhbn', 'recDBRQAzgF44vmtC', 'recPUIvJzI9I7XUIn', 'rec4px9ThGITjyfcR', 'recr9v1gUGyW2JotK', 'recpdvydOzQuDmpIs', 'rec6LdD8CwwLYKhRL', 'recOzfjcXaVDbAPzr', 'recJHWzsaP6uZZ0oB', 'recms80jZ9T3zXwuZ', 'recKJ6NscrVoCrV9h', 'recZSmWRZL4Kw2BUN', 'recLWkiNqchV78g0b']"
"","University of Oregon,  (Oregon |  |  | Eugene |  | )","University of Oregon","['recFKSvV1J5LUYqDg']","['rectuyNumKfMWFHlB']"
"","University of California, Los Angeles,  (United States | California |  | Los Angeles |  | )","University of California, Los Angeles","['recdmzHJTksmBYBa6']","['rec2S0hpFonvZHoqF', 'recnnZfHeqMn3FI70', 'rec2HuxIPBiu97ptc']"
"","University of Wisconsin-Madison,  (United States | Wisconsin |  | Madison |  | )","University of Wisconsin-Madison","['recHojqh4H7V9HokO']","['recagRlUnYVdY0hQZ', 'recjq8gqpqiRwqhvb', 'recSKg4NO1WiI4lOw', 'recNtHQq7VAKKuggi', 'recZJvQWIcRlkWstR']"
"","Residential College in the Arts and Humanities at Michigan State University,  (United States | Michigan |  | East Lansing |  | )","Residential College in the Arts and Humanities at Michigan State University","['recPK9m0SggX46Kv9']","['rec8DPjPVmuKHEKeY']"
"","North Carolina State University,  (United States | North Carolina |  | Raleigh |  | )","North Carolina State University","['rec4YSB3iyfiO3q4j']","['recEEQBG0KwmyswFe']"
"","University of Cincinnati,  (United States | Ohio |  | Cincinnati |  | )","University of Cincinnati","['recb9hV5Jxfp51mjD']","['recL4rUVyegRGeAL8']"
"","White River Primary School,  (South Africa |  |  | White River |  | )","White River Primary School","['recIvjAZeYYe7RvXu']","['recNTPJJbXkzotbys']"
"","South African College High School,  (South Africa |  |  | Cape Town |  | )","South African College High School","['recByKWBNYTnFNrCp']","['reck1diq2ikjiZGIL']"
"","Sorbonne Université,  (France |  |  | Paris |  | )","Sorbonne Université","['recaO8FXmzgUWmwxw']","['recQ8I8UyWZMCrb42', 'recA4Hs3oeH6hrwwQ', 'recFCdbD0eXTT8Y9v', 'recEDkZr29h96OSDx', 'recYN8TSbYMraguzn', 'rec3Wv3kZeC1JzANo', 'recKvRip9KcaBXvb4', 'rec63Hp6MXiVTDuyL', 'recu3fyR7DI09XmFf', 'recLvTZAD0uveQy7e']"
"","University of Southern California,  (United States | California |  | Los Angeles |  | )","University of Southern California","['recdmzHJTksmBYBa6']","['recwBe8hiu6oCfSj3', 'recE4oygH7UVdW8Zk', 'recWWMSXcXTNKXBGO', 'recNPDyGmDu6IFlyb']"
"","School of High Studies in Social Science,  (France |  |  | Paris |  | )","School of High Studies in Social Science","['recaO8FXmzgUWmwxw']","['recsf1hEaCSYFDx7t']"
"","University of KwaZulul-Natal,  (South Africa |  |  | Pietermaritzburg |  | )","University of KwaZulul-Natal","['recD1fJpkbkjnc0L8']","['recsFwG3k4gnaUfg4', 'rec75Sy64BD9IFtch', 'recu3Fxr2L74WlAOm']"
"","Gamal Abdel Nasser University of Conakry,  (Guinea |  |  | Conakry |  | )","Gamal Abdel Nasser University of Conakry","['recmpMa4uQSkHkkeJ']","['recyJfeGH5VSRBGNI']"
"","University of Lisbon,  (Portugal |  |  | Lisbon |  | )","University of Lisbon","['recgls4djBp1PiqGS']","['recewYHGKWcAmrmd5', 'recn3HtvA80nAJ6aZ', 'recv5Bx69AHnr6MHM', 'recNIebVv4lXkl5Ur', 'recM1w3BuD3oexaBl']"
"","Connecticut College,  (Connecticut |  |  | New London |  | )","Connecticut College","['recjaF7bY1bZjFUpX']","['recs6L4nXQKm2jmdg']"
"","New York University,  (United States | New York |  | New York |  | )","New York University","['recRPTnrNPU6ArRJv']","['recbImVbiNKPV1xW3', 'recJ8p2t0lQjx8ct9', 'recOwDtmGUWN2hVAP']"
"","University of Washington,  (United States | Washington |  | Seattle |  | )","University of Washington","['reczq5TQlS8csAhf7']","['recq7NleVJ2YfiAmn']"
"","Leibniz University,  (Germany |  |  | Hanover |  | )","Leibniz University","['recWKP0SjrUssJFNd']","['recH9AXjlrbXTb4Mw']"
"","Carleton University,  (Canada | Ontario |  | Ottawa |  | )","Carleton University","['recv7RCING4azfbQX']","['recvxy4fqErvtFv4c']"
"","Gallatin School of Individualized Study, New York University,  (United States | New York |  | New York |  | )","Gallatin School of Individualized Study, New York University","['recRPTnrNPU6ArRJv']","['rec28dNVArwXikfdz']"
"","The New School,  (United States | New York |  | New York |  | )","The New School","['recRPTnrNPU6ArRJv']","['recISmiOlySdntQtO', 'rec3lEAz7SGsNCcaA']"
"","Holland Park School,  (England |  |  | London |  | )","Holland Park School","['recR6YHhrfthZo5tS']","['recwlAWYSCa28KMco']"
"","Firhouse Community College,  (Ireland |  |  | Dublin |  | )","Firhouse Community College","['rechwHQC1CkaAoQku']","['recL1SJ5ZefhjSpeI']"
"","University of Tripoli,  (Libya |  |  | Tripoli |  | )","University of Tripoli","['recGzvi28WHwo7E7M']","['recF8JkZFnNP4WddZ']"
"","University of Galway,  (Ireland |  |  | Galway |  | )","University of Galway","['rec8tydm8bSLGWEQ9']","['rec01WB02gWxvfeWh']"
"","Maseno University,  (Kenya |  |  | Maseno |  | )","Maseno University","['recQAOy3ZQ14B8BCz']","['recy6WUqWE0J4p4iE']"
"","Zhejiang Normal School,  (China | Zhejiang |  | Jinhua |  | )","Zhejiang Normal School","['recVebxdtxuIsTupp']","['rechQR0lRqTjiFVzB']"
"","University of Johannesburg,  (South Africa |  |  | Johannesburg |  | )","University of Johannesburg","['recFjYFloIc1MhnAb']","['recQZag6E3VduZEBS', 'recv4ZJJYWzoWo3vG', 'recL9zlMdGXvx0zax']"
"","University of York,  (England |  |  | York |  | )","University of York","['rec7dB9O5Pwab8xkI']","['rec7DUuWngvVGyB9Y', 'recMJbRkmZ2nwfqOz']"
"","University of Cape Coast,  (Ghana |  |  | Cape Coast |  | )","University of Cape Coast","['recczj69e3i13HFrd']","['rec4p6KfUo53zVPFR', 'recVqnOi0HywoLIyk']"
"","University of Florida,  (United States | Florida |  | Gainsville |  | )","University of Florida","['recqv0vX0S0w9yl0B']","['recrPPR0FjygJLhXb']"
"","University of Coimbra,  (Portugal |  |  | Coimbra |  | )","University of Coimbra","['recoygByCsQbVyB3F']","['rec3XUmtDx55WLduu']"
"","University of Benin,  (Nigeria | Edo State |  | Benin |  | )","University of Benin","['recRB5jOVXatJNOup']","['recWO8UontqphRuSP']"
"","University of Strathclyde,  (Scotland |  |  | Glasgow |  | )","University of Strathclyde","['recRvpdBSno7RDhjZ']","['rec4XNmW2UiJwQzX2', 'reckVGZQXsRkmFlT3']"
"","Obafemi Awolowo University,  (Nigeria | Osun State |  | Ifẹ |  | )","Obafemi Awolowo University","['recxCgNihZkpMB06j']","['reckr0y5BGWusBJ9U', 'recC8LQV7GYFTUS5J', 'rec1JeTMv3BZNE67G']"
"","Oberlin College,  (United States | Ohio |  | Oberlin |  | )","Oberlin College","['recx8Txz2PkKjIFOT']","['recxqo52YFg2hRunZ']"
"","Clark University,  (United States | Massachusetts |  | Worcester |  | )","Clark University","['recbXdUAwvjXksMHL']","['recc3A5rneDSmqvl1']"
"","SUNY at Binghamton,  (United States | New York |  | Vestal |  | )","SUNY at Binghamton","['recsAUczw9GYn0iEi']","['rechnisudBOKxSsjt']"
"","University of Kinshasa,  (Democratic Republic of the Congo |  |  | Kinshasa |  | )","University of Kinshasa","['recwQ01YQyahePHuO']","['recso34mPei6OwExE', 'recoF7VBdVvceBbuk']"
"","Journalism School Congo,  (Republic of the Congo |  |  |  |  | )","Journalism School Congo","['recWluWF3YELhPpPM']","['recWi1dSiu5ScMXr7']"
"","University of Liège,  (Belgium |  |  | Liège |  | )","University of Liège","['reckrUOKHOfdsVdwX']","['recLNgEvxtcvSqH01', 'recOND6po0LYI3ptO']"
"","University of Arizona,  (United States | Arizona |  | Tucson |  | )","University of Arizona","['recfn1UBf3B7U17td']","['rec5ChEn8gHMFX2qS']"
"","London School of Economics and Political Science,  (England |  |  | London |  | )","London School of Economics and Political Science","['recR6YHhrfthZo5tS']","['recDQ76x0qBnGbsAj', 'rec1ApFsSrId6bLXJ', 'recS0a2kCJBAuZDMN']"
"","Farmington College,  (United States | Maine |  | Farmington |  | )","Farmington College","['recScuB3plgmNARJ8']","['reculTwkvt0DaVvXM']"
"","St. Joseph's College, Sasse,  (Cameroon |  |  | Buea |  | )","St. Joseph's College, Sasse","['recMxkDRfcGzghJNf']","['recnrnP7ENJZMnBpU']"
"","Queen's University,  (Canada | Ontario |  | Kingston |  | )","Queen's University","['recmJ0hKXJWoGzZxR']","['recLUyfVuMBXZ1e9V']"
"","Bowling Green State University,  (United States | Ohio |  | Bowling Green |  | )","Bowling Green State University","['recPwzQINMO2qVJd2']","['recQatsvhEBsfOn7G']"
"","York University,  (Canada | Ontario |  | Toronto |  | )","York University","['recJkiPQFxXP5QRvY']","['recNBTTbKfhNKZJ9r', 'recIVme7jVKAP8oFV', 'rec2MSBVEwUvh6AK3', 'reczVEkubd5xMajKK']"
"","University of Stirling,  (Scotland |  |  | Stirling |  | )","University of Stirling","['recwgBEv4cddY0wYJ']","['rec2kSjJCxbFzBRLs']"
"","McMaster University,  (Canada | Ontario |  | Hamilton |  | )","McMaster University","['recf6DqQqdI1OXkpR']","['recX9chJt9Svv7FGn']"
"","George Washington University,  (United States | District of Columbia |  | Washington |  | )","George Washington University","['recZ8nuD8yhiuQwZM']","['recjqN856riqAWVIf']"
"","City, University of London,  (England |  |  | London |  | )","City, University of London","['recR6YHhrfthZo5tS']","['recssPFGKjPhoIf8r']"
"","University of Buea,  (Cameroon |  |  | Buea |  | )","University of Buea","['recMxkDRfcGzghJNf']","['recfN6CAdgBSlx2kX']"
"","University of Illinois Urbana-Champaign,  (United States | Illinois |  | Champaign |  | , United States | Illinois |  | Urbana |  | )","University of Illinois Urbana-Champaign","['reca4SZTUHubUdMU5', 'recIkTnE6Mh0Xvdvr']","['recUX86bTbV01dHzu']"
"","Bobi Full Primary School,  (Uganda |  |  |  |  | )","Bobi Full Primary School","['recpwEMoRIMSpTu7Q']","['recbAutVz3iI3Ghel']"
"","Gulu High School,  (Uganda |  |  | Gulu |  | )","Gulu High School","['reca5K3lGhSrUi9nk']","['recVVP4OmXwI0zwii']"
"","Sir Samuel Baker Secondary School,  (Uganda |  |  | Gulu |  | )","Sir Samuel Baker Secondary School","['reca5K3lGhSrUi9nk']","['rec6Yhtka2QrdC0mf']"
"","National Teacher's College,  (Uganda |  |  | Unyama |  | )","National Teacher's College","['receICdAAMGSy80w9']","['recjCtwjmKQC50hk9']"
"","Knoxville College,  (United States | Tennessee |  | Knoxville |  | )","Knoxville College","['receWEMI2kPVBPNTG']","['reckqR3jFgQ9N6RBN']"
"","National University of Zaire,  (Republic of the Congo |  |  |  |  | )","National University of Zaire","['recWluWF3YELhPpPM']","['recXyzhLrFPpIt2Tx']"
"","Paris Dauphine University,  (France |  |  | Paris |  | )","Paris Dauphine University","['recaO8FXmzgUWmwxw']","['recujQqObyaYzaWj3']"
"","Lycée Karl Marx,  (Congo |  |  | Pointe-Noire |  | )","Lycée Karl Marx","['recVLkSpmC4UH98pf']","['recLrKSiQXw6XaeZC']"
"","College of Literature and Humanities,  (Morocco |  |  | Rabat |  | )","College of Literature and Humanities","['recI0VJs62sk4IN76']","['rec0jqjxM6drObtyS']"
"","University of Oslo,  (Norway |  |  | Oslo |  | )","University of Oslo","['rec0oBzpMWeXGWRfo']","['recWVB3W3ugWjZKRM']"
"","University of East Anglia,  (England |  |  | Norwich  |  | )","University of East Anglia","['rec2JfTOVESjOEX3T']","['recNuvTFJ5PotCaTo', 'rec77VVzHuh7Zqd51', 'recXFg2giGrs5HjcN', 'rec1FNDuz0iMXYELU']"
"","International School,  (Canada |  |  | Montreal |  | )","International School","['recsk9Exfn7woMpuy']","['recIoAOaOQyskNX1i']"
"","Queen Mary University of London,  (England |  |  | London |  | )","Queen Mary University of London","['recR6YHhrfthZo5tS']","['recJf8StnCMtI7hH1']"
"","King's College London,  (England |  |  | London |  | )","King's College London","['recR6YHhrfthZo5tS']","['recvAQWvofuv7g0eH']"
"","School for Advanced Studies in the Social Sciences,  (France |  |  | Paris |  | )","School for Advanced Studies in the Social Sciences","['recaO8FXmzgUWmwxw']","['reclYfEjUKvyNSION', 'recHaYg8tC3LyMl04']"
"","McGill University,  (Canada |  |  | Montreal |  | )","McGill University","['recsk9Exfn7woMpuy']","['recGNyIm9VMAU9BJs']"
"","Maryville College,  (United States | Tennessee |  | Maryville |  | )","Maryville College","['recCr7LITNyTZviaY']","['recRyZOdkUOskPjJ6']"
"","St. Lawrence University,  (United States | New York |  | Canton |  | )","St. Lawrence University","['recEv9qil5gzqBhik']","['recxS6S5dpGFfAZKR']"
"","KwaZulu-Natal Sign Language Academy,  (South Africa |  |  | KwaZulu-Natal |  | )","KwaZulu-Natal Sign Language Academy","['reckyxi4BnnhhZ5nF']","['recDIHdngcEZTI7rN']"
"","S A Council For Social Service Professions,  (South Africa |  |  | Pretoria |  | )","S A Council For Social Service Professions","['rec12WNOPdXXeSa9Y']","['recfuo8yZFKmcH2bX']"
"","Cairo University,  (Egypt |  |  | Giza |  | )","Cairo University","['recKKR6ILRZV9tvgI']","['recA3QRUZ3nEWmulK', 'recNR4X3csfbeknsd', 'rec1RSdLFyAQ1rpQP', 'recfaBSlOeGPxUQP1', 'recCW18E1WOwORKcF', 'rec2uXnf6hCv7ibmc', 'rec8MkAbqzLr7kqaQ', 'recc86xYQFpPThWct', 'recy2QM3AP3czWtWM', 'recEk4exD1EhlYA6T', 'recvjxJrYtFidfgSr']"
"","Manchester Metropolitan University,  ()","Manchester Metropolitan University","",""
"","Manchester Metropolitan University,  (England |  |  | Manchester |  | )","Manchester Metropolitan University","['recFsn8RVfhGPlVDL']","['recJ9D68XIJ1zug1T', 'recvTXryc4g7ur7VK']"
"","Johann Wolfgang Goethe University,  (Germay |  |  | Frankfurt |  | )","Johann Wolfgang Goethe University","['recnRnUqLhix8sEcy']","['recxDFJSDdymWPnOC']"
"","University of Frankfurt,  (Germay |  |  | Frankfurt |  | )","University of Frankfurt","['recnRnUqLhix8sEcy']","['recoQuO1M8UDPQmCW']"
"","Boston University,  (United States | Massachusetts |  | Boston |  | )","Boston University","['reck7rbt8DZuwaZSO']","['rec3O6wlGmBNrPctD', 'rec7LKH1Ri7uPCnaw']"
"","Albright College,  (United States | Pennsylvania |  | Reading |  | )","Albright College","['rec1QOoXD0p8a6sZT']","['recCN8OYZC4IHq8nA']"
"","University of Amsterdam,  (Netherlands |  |  | Amsterdam |  | )","University of Amsterdam","['recPpOUCWKa5TQtDi']","['rec1oqRSpqCpxRq3E']"
"","University Of Jos,  (Nigeria |  |  | Jos |  | )","University Of Jos","['recd7H47Ro360PHtV']","['recmOx098MADXfo9O', 'rechBbVPhZyebEHJD', 'recgM5JwGOuoepS0X']"
"","Washington University in St. Louis,  (United States | Missouri |  | St. Louis |  | )","Washington University in St. Louis","['recbIpbmo6LLdlz2m']","['rec8y807gmGP6NG0i']"
"","Saint Louis University,  (United States | Missouri |  | St. Louis |  | )","Saint Louis University","['recbIpbmo6LLdlz2m']","['recEq15WC7vwc8mnb']"
"","University of Nigeria, Nsukka,  (Nigeria |  |  | Nsukka |  | )","University of Nigeria, Nsukka","['recIAhp8R3p81y30Y']","['recLctaA4brG2H0RE', 'recJ7HDrJBRqNfkxt', 'recifoh5W3ovY75Sd']"
"","Syracuse University,  (United States | New York |  |  |  | Syracuse)","Syracuse University","['recaGFyG6k68gqIW2']","['recct5ebejc7MgDow', 'recjj2O23WUBhnL9w', 'recSPB5YGKSKahaS5']"
"","Otterbein University,  (United States | Ohio |  | Westerville |  | )","Otterbein University","['reckecUUoW8tGXohA']","['recd1HsCwNXdnC0hq']"
"","University of Maiduguri,  (Nigeria | Borno State |  | Maiduguri |  | )","University of Maiduguri","['recq92f0Gyd4GnR0y']","['recgAdJveylQ2BBQ2']"
"","University of Alberta,  (Canada | Alberta |  | Edmonton |  | )","University of Alberta","['rec5XqnuNdga91Cg5']","['rec0R5DMKy6Qf7pKv', 'rec7SnvUARexk1iVJ', 'rec6Yp6su9mdkbcaQ']"
"","Birkbeck, University of London,  (England |  |  | London |  | )","Birkbeck, University of London","['recR6YHhrfthZo5tS']","['recTNvfiUbqgTGRvb', 'recibWizXbLBmkx8x']"
"","London Metropolitan University,  (England |  |  | London |  | )","London Metropolitan University","['recR6YHhrfthZo5tS']","['recGQ5nM8wZO6nZbZ']"
"","Northeastern Illinois University,  (United States | Illinois |  | Chicago |  | )","Northeastern Illinois University","['rec9dvgEMKytPyiLc']","['recJ79jL2yF30bWmU']"
"","Northern Illinois University,  (United States | Illinois |  | DeKalb |  | )","Northern Illinois University","['recGhl3hJWE8V2FzC']","['recWWbZXwgBFwkVna']"
"","Texas Southern University,  (United States | Texas |  | Houston |  | )","Texas Southern University","['rec2t6egBmKL6jaKI']","['recMyEA95DqVSUvG9']"
"","American University,  (United States | District of Columbia |  | Washington |  | )","American University","['recZ8nuD8yhiuQwZM']","['recN4xzgI3SGjRXTq']"
"","University of Liberia,  (Liberia |  |  | Monrovia |  | )","University of Liberia","['recs28ztw1GERO7vI']","['rectiHAhNpLKIHCaf']"
"","Western Michigan University,  (United States | Michigan |  | Kalamazoo |  | )","Western Michigan University","['reckgtPvEY0Eb6W6W']","['recXIjwasa6uuHbgK']"
"","Riverlea High School,  (South Africa |  |  | Johannesburg |  | )","Riverlea High School","['recFjYFloIc1MhnAb']","['recCiUAi29nNw7xcO']"
"","Bayero University, Kano,  (Nigeria |  |  | Kano |  | )","Bayero University, Kano","['recKARP10mRo7InO0']","['recD8baTJ4Kcqjz3S']"
"","International Institute of Journalism, Berlin,  (Germany |  |  | Berlin |  | )","International Institute of Journalism, Berlin","['rec1WUPFOY7FKcIPj']","['recwkub4QQzhX6XzM']"
"","Midlands Psychiatric Nursing College ,  (United States | Nebraska |  | Fremont |  | )","Midlands Psychiatric Nursing College ","['recNlg9vn5Cb0MyXP']","['recWkARnqeeO04EeO']"
"","Edenvale College of Nursing,  (South Africa |  |  | Edenvale |  | )","Edenvale College of Nursing","['recMvS8Tl2EsWIRxx']","['recFNhlSqu5prNWpN']"
"","London South Bank University,  (England |  |  | London |  | )","London South Bank University","['recR6YHhrfthZo5tS']","['recd7QSGHagta0RBk', 'recGM7vRRf44e5yTZ']"
"","University of Burgandy,  (France |  |  | Dijon |  | )","University of Burgandy","['recS7eVfVtRGWGqIz']","['recYQSA3thSy6rTUP']"
"","University of Havana,  (Cuba |  |  | Havana |  | )","University of Havana","['recRQNXOAo5VxhIwf']","['recuBeYfnPjHbi6as']"
"","Autonomous University of Madrid,  (Spain |  |  | Madrid |  | )","Autonomous University of Madrid","['recoSYMQenVhN6yZx']","['recoUf2AZPCbAqDP5']"
"","Universidad de Oriente,  (Cuba |  |  | Santiago de Cuba |  | )","Universidad de Oriente","['recYdRenkHvp2vN4S']","['recS6dBGejwZf1ECE']"
"","University of Derby Buxton,  (England |  |  | Buxton |  | )","University of Derby Buxton","['recAeUBeMGoSDdxff']","['rec5BlQ5npCEswCWm']"
"","University of Dundee,  (Scotland |  |  | Dundee |  | )","University of Dundee","['recQKdCHnHtQRefix']","['recafcpfmYpkcvckh']"
"","Universidad Pedagógica Rafael María de mendive,  (Cuba | Pinar del Rio |  | Pinar del Rio |  | )","Universidad Pedagógica Rafael María de mendive","['recsjdlZhWhE4fZRq']","['rectpsR44ragmBs64']"
"","Lovanium University,  (Democratic Republic of the Congo |  |  | Kinshasa |  | )","Lovanium University","['recwQ01YQyahePHuO']","['rec9FJJIQ63nJWXxS']"
"","Unknown University,  ()","Unknown University","","['recCxUhJEU3D5I80h', 'reci164llIul33XCz', 'reccjBP7LerEYFSpx', 'recaHPzQeWP6UeOR3', 'rectWc2Ody3jRVUui', 'recQfPHAmuoYSpETo', 'recdsRwVPTCM22kgt', 'rect1xquKZXhv7IhC', 'rec4NjHsAAKHEgCHL']"
"","University of Algiers,  (Algeria |  |  | Algiers |  | )","University of Algiers","['rec1xjUfqFvAT0vUG']","['recA3Z1UDEZEnSMTH', 'recMOdwxq2lUpBAKk', 'recNJnOlIsIQCi6Pk']"
"","Paris Institute of Political Studies,  (France |  |  | Paris |  | )","Paris Institute of Political Studies","['recaO8FXmzgUWmwxw']","['reczftAjPPOcw8QCk']"
"","Mohammed V University,  (Morocco |  |  | Rabat |  | )","Mohammed V University","['recI0VJs62sk4IN76']","['reczztWnpvSxtmJqw']"
"","University of Westminster,  (England |  |  | London |  | )","University of Westminster","['recR6YHhrfthZo5tS']","['reckKGe2cUIGyeUe1', 'recz1bEm4PXuPRPJl']"
"","Cape Peninsula University of Technology,  (South Africa |  |  | Cape Town |  | )","Cape Peninsula University of Technology","['recByKWBNYTnFNrCp']","['recINNDFDKOY2Vxwz']"
"","University of Nottingham,  (England |  |  | Nottingham |  | )","University of Nottingham","['recsaIJyqIBXaJlIR']","['recYXM35NPkikjp1u']"
"","University of Botswana,  (Botswana |  |  | Gaborone |  | )","University of Botswana","['recrw5MQxCj5XfvjI']","['recIRiyoAgOpeo0oQ', 'recYjwZ1kG72e9TEA', 'recqMbFPbxbhmtxRp']"
"","Al Mansoura University,  (Egypt |  |  | Mansoura |  | )","Al Mansoura University","['rec6jmCZ4TCxruxrD']","['recx8P5VW0z9vMGWE']"
"","Middle Temple Inns of Court,  (England |  |  | London |  | )","Middle Temple Inns of Court","['recR6YHhrfthZo5tS']","['rec745Fkl7U8gBjQy']"
"","London University, Premier School of Journalism and Authorship,  (England |  |  | London |  | )","London University, Premier School of Journalism and Authorship","['recR6YHhrfthZo5tS']","['recYf2V9neozM773B']"
"","Ain Shams University,  (Egypt |  |  | Cairo |  | )","Ain Shams University","['recFtYlvGypMsvfE8']","['reclGV5pgMdTArzZg', 'recqVviHNydFkcWmJ', 'recwdoetcfkXnP66d', 'rec3qJiFrJLVpXJcO', 'recpJvHVr77xFkrAg']"
"","Major Seminary St. Paul,  ()","Major Seminary St. Paul","","['recZG9dPMSEH3qnzr']"
"","Institute P. Canisius Kinshasa,  (Democratic Republic of the Congo |  |  | Kinshasa |  | )","Institute P. Canisius Kinshasa","['recwQ01YQyahePHuO']","['recY0y0Lb0gITt0YY']"
"","Gregorian University,  (Italy |  |  | Rome |  | )","Gregorian University","['recnUdEkfwni0vPqx']","['reckf8VPsiNtr8aUx']"
"","Temple University,  (United States | Pennsylvania |  | Philadelphia |  | )","Temple University","['rec02jMWfhiXHmOM3']","['recAUDJQYSMchiBJa', 'recoYCWsLxjOXotKa']"
"","Imo State University,  (Nigeria |  |  | Owerri |  | )","Imo State University","['recEmikBYGRlf7ER5']","['recMvQmOVo5wIh4Vb', 'recpa0jXXVEisOEBx']"
"","Red River College Polytechnic,  (Canada | Manitoba |  | Winnipeg |  | )","Red River College Polytechnic","['reczOCEMfaeSEkwNk']","['recxx3S0ACmxBKqEz']"
"","University of Hull,  ( | England |  | Hull |  | )","University of Hull","['recuaC4ixCvjISM8r']","['recVNxeBDgZZvp2C8']"
"","Addis Ababa University,  (Ethiopia |  |  | Addis Ababa |  | )","Addis Ababa University","['rec0QO1Otb4FGgHG5']","['reckg7aOVpoZW5uLc', 'recjpkCRDMAQhxs6i', 'recdYjiwXvWEmu4sk']"
"","Sapienza University of Rome,  (Italy |  |  | Rome |  | )","Sapienza University of Rome","['recnUdEkfwni0vPqx']","['recOFjKRS0o60P5xO']"
"","Assiut University,  (Egypt |  |  | Assiut |  | )","Assiut University","['recsZ89x0wKQk8Ei0']","['rec85ZsgbESohEb2o']"
"","Karaouine University,  (Morocco |  |  | Fes |  | )","Karaouine University","['recXPSRzzsfuMP2Vx']","['recChN1Bg4LHS9qoI']"
"","University Paris 8,  (France |  |  | Saint-Denis |  | )","University Paris 8","['rectAg2BmNu5L19cl']","['recJvg8dwNm4qfnYA']"
"","Lumière University Lyon 2,  ()","Lumière University Lyon 2","","['rec9otbfTK6VT07RP']"
"","Lecoq International School of Theatre,  ()","Lecoq International School of Theatre","","['recXS5RX7dmu6UT1Z']"
"","University of Winchester, King Alfred Campus,  (England |  |  | Winchester |  | )","University of Winchester, King Alfred Campus","['recYTHflhJHQgXBke']","['reciarq07GEBnhJ10']"
"","Universidad Complutense de Madrid,  (Spain |  |  | Madrid |  | )","Universidad Complutense de Madrid","['recoSYMQenVhN6yZx']","['recTl84xbq1SdKY8i']"
"","University of Akron,  (Ohio |  |  | Akron |  | )","University of Akron","['recZ38JUfzqsEmH7j']","['recJIASMynw0ETgYz']"
"","Sidi Mohamed Ben Abdellah University,  (Morocco |  |  | Fes |  | )","Sidi Mohamed Ben Abdellah University","['recXPSRzzsfuMP2Vx']","['rechU3ifASRD3KDLW']"
"","Constantine 1 University,  (Algeria |  |  | Constantine |  | )","Constantine 1 University","['recU0NlKFG4meCztw']","['rec45scEjxqWjstcm']"
"","Institute of Agricultural Studies,  ()","Institute of Agricultural Studies","","['recVBr0ILVTP9pFFM']"
"","Higher Institute of Folkloric Art,  (Egypt |  |  | Cairo |  | )","Higher Institute of Folkloric Art","['recFtYlvGypMsvfE8']","['recVBr0ILVTP9pFFM']"
"","Morgan State University,  (United States | Maryland |  | Baltimore |  | )","Morgan State University","['rec7yvFgJcoUWUJZG']","['rec4pIBvAp6jPFPPE']"
"","Johns Hopkins University School of Advanced International Studies (SAIS),  (United States | District of Columbia |  | Washington |  | )","Johns Hopkins University School of Advanced International Studies (SAIS)","['recZ8nuD8yhiuQwZM']","['reczSSZDoQttMKkkF']"
"","Institute of Political Sciences,  (France |  |  | Grenoble |  | )","Institute of Political Sciences","['recH6DQs8jO7CUvMR']","['recKj1yDqxmBO5xF1']"
"","Professional Training Center for Journalism,  (France |  |  | Paris |  | )","Professional Training Center for Journalism","['recaO8FXmzgUWmwxw']","['recWIW7ihvWUs55kI']"
"","American University of Cairo,  (Egypt |  |  | Cairo |  | )","American University of Cairo","['recFtYlvGypMsvfE8']","['recJQGlu3cN0xhlLa', 'recaTHWmK4QtEgGvG']"
"","Jackson State University,  (Mississippi |  |  | Jackson |  | )","Jackson State University","['recQwdfgETYeakETJ']","['recFv2SSQfAF03hCP']"
"","Oxford Brookes University,  (England |  | Oxfordshire | Oxford |  | )","Oxford Brookes University","['recZw13lsI65j01ma']","['rec5PJfdYc7Kxdxuz']"
"","Northcentral University,  ()","Northcentral University","","['rec9q5KqnIIgrnfUs']"
"","Jiwaji University, Gajara Raja Medical College,  (India | Madhya Pradesh |  |  |  | )","Jiwaji University, Gajara Raja Medical College","['recdXLhOIDG5tao1d']","['recz41qphTO0VkEjJ']"
"","Tanta University,  (Egypt |  |  | Tanta |  | )","Tanta University","['recxdeK4Fj5A09158']","['recLbfsvZKzvO9fGO']"
"","University of Porto,  (Portugal |  |  | Porto |  | )","University of Porto","['recfMJzfPqsmqJE0X']","['recSpZuUxOWOPYLIs']"
"","Griffith University,  (Australia | Queensland |  |  |  | Brisbane)","Griffith University","['recGvfALU6ssdzdmJ']","['recHzA9ZdkEHlTYOn']"
"","Government College, Umuahia,  (Nigeria | Abia State |  | Umuahia |  | )","Government College, Umuahia","['recsKZaww2nhCEaQm']","['recvDoR4q9cXqYLD4']"
"","Marlboro College,  (United States | Vermont |  | Marlboro |  | )","Marlboro College","['rec3Zc7v0xG8VpkMx']","['recRUCNeKrcc7iIAQ']"
"","Mindolo Ecumenical Centre School of Journalism,  (Zambia | Copperbelt Province |  | Kitwe |  | )","Mindolo Ecumenical Centre School of Journalism","['rec38lV3e5jYi9TAA']","['rechkSwya1CrrVWTF']"
"","Loyola Marymount University,  (United States | California |  | Los Angeles |  | )","Loyola Marymount University","['recdmzHJTksmBYBa6']","['recLZfS9xFFDAqHsQ']"
"","Fielding Graduate University,  (United States | California |  | Santa Barbara |  | )","Fielding Graduate University","['rechxDRVAafKTFytH']","['recKDzrR3FscclBYb']"
"","International University Of East Africa,  (Uganda |  |  | Kampala |  | )","International University Of East Africa","['reczvcxKIJ5meNQRB']","['recZLYogfOlSzc22i']"
"","University of Dar es Salaam,  (Tanzania |  |  | Dar es Salaam |  | )","University of Dar es Salaam","['recoYkcv666hmwCgO']","['recVwXHhcIi9hoCbL', 'recI0ssuNe9Szzkir']"
"","Kenyatta University,  (Kenya |  |  | Nairobi |  | )","Kenyatta University","['recu3MoBp4ft8I96h']","['rec2Iva1HZUlbQWQd']"
"","Uganda Christian University,  (Uganda |  |  | Kampala |  | )","Uganda Christian University","['reczvcxKIJ5meNQRB']","['recmgIqPUqHJabWBR']"
"","Law Development Centre,  (Uganda |  |  | Kampala |  | )","Law Development Centre","['reczvcxKIJ5meNQRB']","['recRuJ1dpyfpm2GFi', 'recYHl5taOBicfETZ']"
"","Harvard University,  (United States | Massachusetts |  | Cambridge |  | )","Harvard University","['reccmZIG8WaCtw0My']","['rec7k069vcaXgxKId', 'recxVVGg8qukPHdMO']"
"","University of Khartoum,  (Sudan |  |  | Khartoum |  | )","University of Khartoum","['recNiH3taZlqXlgQE']","['recG0JFoIEpO7IxgX', 'rec6JJvlk3X3Zjjnw', 'recV1ohngihNbOxKb']"
"","Stockholm University,  (Sweden |  |  | Stockholm |  | )","Stockholm University","['recRQNREEaUheUZ2k']","['recuHz8teP9TDazfh']"
"","Acadia University,  (Canada | Nova Scotia |  |  Wolfville |  | )","Acadia University","['recArUdzqKT6TNYL9']","['rec7fR52RQOTCBt8b']"
"","The University of the West Indies,  (Trinidad and Tobago | Trinidad |  | Saint Augustine |  | )","The University of the West Indies","['recsto1rIEj5CxUZb']","['rectHVKAJAGsKmZNx']"
"","Benha University,  (Egypt | Qalyubiyya Governorate |  | Banha |  | )","Benha University","['recA9iQKLi0gjKrdP']","['rec5AC6GiQXl2m2jb']"
"","Federal University of Technology Akure,  (Nigeria | Ondo State |  | Akure |  | )","Federal University of Technology Akure","['recb127zlONurT1Uc']","['recGETRIeSKQbrBOJ']"
"","University of Greenwich,  (England |  |  | London |  | )","University of Greenwich","['recR6YHhrfthZo5tS']","['recjhxzl1JYSYa2OI']"
"","University of Ilorin,  (Nigeria | Kwara State |  | Ilorin |  | )","University of Ilorin","['recXcDjlw7vJHQCc0']","['reckXQSRv9ZxOm6D6']"
"","Al-Azhar University,  (Egypt |  |  | Cairo |  | )","Al-Azhar University","['recFtYlvGypMsvfE8']","['recRkJssLrC5nMkDo']"
"","Omdurman Islamic University,  (Sudan |  |  | Omdurman |  | )","Omdurman Islamic University","['recnrKO5BJ6N6UAFo']","['reciBUsAJkKGnVmdn']"
"","Dar Al-Eloom,  (Egypt |  |  | Cairo |  | )","Dar Al-Eloom","['recFtYlvGypMsvfE8']","['recBokQzs016VaRRh']"
"","Vienna University of Economics and Business Administration,  (Austria |  |  | Vienna |  | )","Vienna University of Economics and Business Administration","['recTbKUJO8M6fYuCo']","['recQTEQS5HpfZirRv']"
"","University of Leipzig,  (Germany |  |  | Leipzig |  | )","University of Leipzig","['recg4I139U9jN6L0c']","['recxjhPmZYlbNnGvE', 'rec2TnSjXrlsnIli9']"
"","King Abdulaziz University,  (Saudi Arabia |  |  | Jeddah |  | )","King Abdulaziz University","['recGz49Edzsl1rxph']","['recn0a18ZREb1vyJB']"
"","Lagos State University,  (Nigeria |  |  | Lagos |  | )","Lagos State University","['rechXxEReQlGKd2ar']","['recXhJa6NjMCO6oHd']"
"","Belgian Francophone Université Catholique de Louvain,  (Belgium |  |  |  |  | )","Belgian Francophone Université Catholique de Louvain","['recnGLqX1UKitOYXi']","['recAtXQVwc81vLCcF']"
"","Educational Insitute,  (Madagascar |  |  | Antananarivo |  | )","Educational Insitute","['recE4KGFcpN59QxsO']","['recZNmtxkesqNDvHX']"
"","London School of Hygiene,  (England |  |  | London |  | )","London School of Hygiene","['recR6YHhrfthZo5tS']","['rec5TTdQgNiDxlPnJ', 'rec8Q8vXf6DxvWduu']"
"","Groningen University,  (Netherlands |  |  | Groningen |  | )","Groningen University","['recImDpLRiOLps0YM']","['recKMb5RTJW370frI']"
"","Muteesa I Royal University,  (Uganda | Buganda Region |  | Masaka |  | )","Muteesa I Royal University","['rec7iCLu5YJ4vMOwB']","['recBvOuP4rdcybF5i']"
"","Vista University,  (South Africa |  |  | Pretoria |  | )","Vista University","['rec12WNOPdXXeSa9Y']","['recpHG6AqVvqfKqyZ']"
"","Aboke Junior Seminary,  (Uganda |  | Aboke Sub County | Abongodero Hill |  | )","Aboke Junior Seminary","['recgraLIHwlWlfFjy']","['recoHAc7ypW46OxRk']"
""," Lango College,  (Uganda |  |  | Lira |  | )"," Lango College","['recF9vyKOkfCC8SWD']","['recEEKyfHsv34u3Ms']"
"","Kyambogo University,  (Uganda |  |  | Kampala |  | )","Kyambogo University","['reczvcxKIJ5meNQRB']","['recYwA4f6toklPy8N']"
"","Veterinary Training Institute,  (Uganda |  |  | Entebbe |  | )","Veterinary Training Institute","['recjv3wSHjj1iQK9v']","['recGE1BBf0AAJy4W0']"
"","Smith College,  (United States | Massachusetts |  | Northampton |  | )","Smith College","['recR0SwcYyQCJDZXt']","['recYgjhNfEZVeLKku']"
"","British College of Osteopathic Medicine,  (England |  |  | London |  | )","British College of Osteopathic Medicine","['recR6YHhrfthZo5tS']","['recfi8PUDB0t6AOJO']"
"",",  ()","","",""
"","Daystar University,  (Kenya |  |  | Nairobi |  | )","Daystar University","['recu3MoBp4ft8I96h']","['recr3bgt07EzHNvJ8']"
"","Riara University,  (Kenya |  |  | Nairobi |  | )","Riara University","['recu3MoBp4ft8I96h']","['recCqoMGXHHS6mpaF']"
"","University of Copenhagen,  (Denmark |  |  | Copenhagen |  | )","University of Copenhagen","['recmjBvYZ4qlyX3LH']","['recwMKeh6c5AmifZl']"
"","Royal Technical College,  (Kenya |  |  | Nairobi |  | )","Royal Technical College","['recu3MoBp4ft8I96h']","['recE7KkYicmOQc5eU']"
"","Herzen University,  (Russia |  |  | St. Petersburg |  | )","Herzen University","['rec0qhGdit9oqm4Wm']","['recqynLzCbu4u2APE']"
"","Université Mouloud Mammeri de Tizi Ouzou,  (Algeria | Tizi Ouzou Province |  | Tizi Ouzou |  | )","Université Mouloud Mammeri de Tizi Ouzou","['recFsXWgqHaKrKLqe']","['recOLQtx9o15mE5AQ']"
"","Benue State University,  ( | Nigeria |  | Makurdi |  | )","Benue State University","['recQzjTZJl7bi0VGy']","['reci9ZnPgttVGkArJ', 'recvMg7vgVIHzgwQX']"
"","Ahmadu Bello University,  (Nigeria |  |  | Kano |  | )","Ahmadu Bello University","['recKARP10mRo7InO0']","['recm1R4AtdeHnLlCH', 'recx3Js1sqDwIwk6g']"
"",",  ()","","","['recJvoUSIv1ayQslz']"
"","University of Abuja,  (Nigeria |  |  | Abuja |  | )","University of Abuja","['rec2abbHibQrIECmj']","['recaSK4XOvNgNii00']"
"","St Petersburg University,  (Russia |  |  |  |  | )","St Petersburg University","['rec2paUmIrfzmfmh5']","['recWOk43KEugVtDhw']"
"","University of Liverpool Medical School,  (United Kingdom |  |  |  |  | )","University of Liverpool Medical School","['recjX6pUtbmRD6nXV']","['recZm1DBnNHzwqFRi']"
"","Egyptian University,  (Egypt |  |  | Cairo |  | )","Egyptian University","['recFtYlvGypMsvfE8']","['recme7kk7wkMKQeQq', 'reciHaguRV1TaKWyT']"
"",",  ()","","",""
"","Fouad University,  (Egypt |  |  | Cairo |  | )","Fouad University","['recFtYlvGypMsvfE8']","['recAjr04oj0ve9a1G']"
"","University of Massachusetts,  (United States | Massachusetts |  |  |  | Amherst )","University of Massachusetts","['rechvQYFkibgSnYgN']","['recdwYSyYrWphlr42', 'recsMkf8MqNLxK5kw']"
"","Arizona State University,  (Arizona |  |  | Tempe |  | )","Arizona State University","['recNyobWPQ19CnW8j']","['recH2bujGP7uFdEqT', 'receQ72b8gqk7T3LU']"
"","London Business School,  ()","London Business School","","['recDXEikO9PcY8kYS']"
"","University of Windsor,  (Canada |  |  |  |  | )","University of Windsor","['recnnxKNEas1j5WCd']","['recZAFuHZ0ScWi9P2']"
"","University of Aberystwyth,  (Cameroon |  |  |  |  | )","University of Aberystwyth","['recnfzHM757f2WtqC']","['recYPAlhpBE3ptkUx']"
"","The City University of New York,  (United States | New York |  | New York |  | )","The City University of New York","['recRPTnrNPU6ArRJv']","['recW5a8BCZCp2qNzp', 'recobEB9eQ3Kngxmh']"
"",",  ()","","",""
"","Iowa State University,  (United States | Iowa |  | Ames |  | )","Iowa State University","['recDETiMhBS9sUbpC']","['recKt8Sg5LwVhRIXG']"
"","University of Minnesota,  (United States | Minnesota |  |  |  | )","University of Minnesota","['recmZ4L42eyGfTXnV']","['rectfId1pr7uLQY8V']"
"","Hekima College,  (Kenya |  |  | Nairobi |  | )","Hekima College","['recu3MoBp4ft8I96h']","['recbN3orBs40u8FBz']"
"","St. Augustine,  ()","St. Augustine","","['recTEwqsx7Je0rABV']"
"","Rabun Gap Nacoochee School,  (United States | Georgia | Rabun County |  |  | )","Rabun Gap Nacoochee School","['recYW8o79LiIDpac3']","['recr6oMVi54F4SBu2']"
"","Virginia Polytechnic Institute,  (United States | Virginia |  |  |  | )","Virginia Polytechnic Institute","['recYTuHHf5P60cZZp']","['recSyWHKqsmKkZEYR']"
